id,usia,gender,year_in_school,major,pendapatan,bantuan,pendidikan,tempat_tinggal,makanan,transportasi,buku,hiburan,perawatan,teknologi,kesehatan,lainnya,preferred_payment_method,total_pemasukan,total_pengeluaran,sisa_uang,rasio_pengeluaran,financial_score,status_finansial,cluster,nama_cluster
0,19,Non-binary,Freshman,Psychology,15328000,4320000,3167467.0,3403200.0,1657600.0,590400.0,1203200.0,196800.0,436800.0,964800.0,711200.0,403200.0,Credit/Debit Card,19648000,12734667.0,6913333.0,0.648140625,43.67,Bahaya,1,Mahasiswa Boros / Defisit
1,24,Female,Junior,Economics,16096000,14000000,2617600.0,2673600.0,2044000.0,408000.0,1612800.0,355200.0,515200.0,1627200.0,722400.0,380800.0,Credit/Debit Card,30096000,12956800.0,17139200.0,0.4305156831472621,64.65,Stabil,0,Mahasiswa Mapan & Hemat
2,24,Non-binary,Junior,Economics,11744000,14848000,1627200.0,3196800.0,1232000.0,657600.0,633600.0,624000.0,128800.0,1720800.0,627200.0,744800.0,Cash,26592000,11192800.0,15399200.0,0.4209085439229844,66.8,Sangat Sehat,0,Mahasiswa Mapan & Hemat
3,23,Female,Senior,Computer Science,9872000,4240000,2632000.0,3129600.0,1618400.0,547200.0,1427200.0,475200.0,168000.0,1173600.0,588000.0,308000.0,Mobile Payment App,14112000,12067200.0,2044800.0,0.8551020408163266,24.04,Bahaya,1,Mahasiswa Boros / Defisit
4,20,Female,Senior,Computer Science,12960000,8352000,2073067.0,3960000.0,2083200.0,806400.0,1241600.0,230400.0,397600.0,633600.0,397600.0,582400.0,Credit/Debit Card,21312000,12405867.0,8906133.0,0.5821071227477478,54.82,Waspada,1,Mahasiswa Boros / Defisit
5,25,Non-binary,Sophomore,Computer Science,8368000,12640000,1680533.0,1982400.0,2161600.0,585600.0,838400.0,350400.0,212800.0,1684800.0,604800.0,554400.0,Mobile Payment App,21008000,10655733.0,10352267.0,0.5072226294744859,62.17,Stabil,0,Mahasiswa Mapan & Hemat
6,23,Female,Freshman,Engineering,21664000,1104000,2652267.0,3897600.0,2228800.0,484800.0,1363200.0,100800.0,212800.0,1130400.0,655200.0,268800.0,Credit/Debit Card,22768000,12994667.0,9773333.0,0.5707425773014757,55.0,Waspada,1,Mahasiswa Boros / Defisit
7,23,Female,Junior,Economics,10096000,11968000,2115200.0,2740800.0,1506400.0,441600.0,1606400.0,177600.0,504000.0,1094400.0,313600.0,347200.0,Mobile Payment App,22064000,10847200.0,11216800.0,0.4916243654822335,63.3,Stabil,0,Mahasiswa Mapan & Hemat
8,22,Non-binary,Senior,Computer Science,22432000,3968000,3006933.0,2875200.0,1982400.0,393600.0,992000.0,590400.0,229600.0,1166400.0,963200.0,1086400.0,Credit/Debit Card,26400000,13286133.0,13113867.0,0.5032626136363636,61.34,Waspada,0,Mahasiswa Mapan & Hemat
9,18,Female,Junior,Computer Science,22768000,1184000,2121067.0,3004800.0,1394400.0,561600.0,787200.0,244800.0,414400.0,1749600.0,190400.0,1097600.0,Mobile Payment App,23952000,11565867.0,12386133.0,0.482876878757515,63.55,Stabil,0,Mahasiswa Mapan & Hemat
10,23,Male,Junior,Biology,12192000,9840000,2182933.0,3168000.0,1467200.0,278400.0,1171200.0,470400.0,117600.0,1972800.0,369600.0,280000.0,Credit/Debit Card,22032000,11478133.0,10553867.0,0.5209755355846042,59.59,Waspada,0,Mahasiswa Mapan & Hemat
11,25,Male,Freshman,Engineering,17088000,304000,2740267.0,3523200.0,1360800.0,960000.0,1459200.0,273600.0,319200.0,1504800.0,1080800.0,817600.0,Credit/Debit Card,17392000,14039467.0,3352533.0,0.8072370630174793,27.36,Bahaya,1,Mahasiswa Boros / Defisit
12,21,Male,Sophomore,Economics,11504000,8640000,2593600.0,4291200.0,1568000.0,576000.0,806400.0,196800.0,280000.0,561600.0,632800.0,638400.0,Credit/Debit Card,20144000,12144800.0,7999200.0,0.6028991262907069,51.54,Waspada,1,Mahasiswa Boros / Defisit
13,19,Female,Junior,Biology,18816000,13744000,2773867.0,3004800.0,1310400.0,240000.0,1753600.0,96000.0,431200.0,900000.0,1114400.0,576800.0,Mobile Payment App,32560000,12201067.0,20358933.0,0.374725644963145,66.21,Stabil,0,Mahasiswa Mapan & Hemat
14,24,Non-binary,Freshman,Economics,23936000,1200000,2827200.0,3153600.0,845600.0,302400.0,588800.0,595200.0,358400.0,1411200.0,280000.0,655200.0,Cash,25136000,11017600.0,14118400.0,0.43831954169318904,64.18,Stabil,0,Mahasiswa Mapan & Hemat
15,22,Non-binary,Sophomore,Computer Science,19632000,416000,2226667.0,4243200.0,1836800.0,801600.0,1120000.0,532800.0,537600.0,525600.0,862400.0,610400.0,Cash,20048000,13297067.0,6750933.0,0.6632615223463687,44.23,Bahaya,1,Mahasiswa Boros / Defisit
16,23,Female,Freshman,Psychology,22704000,3792000,2906667.0,4238400.0,2021600.0,960000.0,902400.0,364800.0,123200.0,2052000.0,1036000.0,425600.0,Cash,26496000,15030667.0,11465333.0,0.5672806083937199,54.6,Waspada,1,Mahasiswa Boros / Defisit
17,21,Female,Freshman,Computer Science,23264000,13616000,1886933.0,3619200.0,1999200.0,528000.0,1203200.0,158400.0,134400.0,360000.0,414400.0,257600.0,Mobile Payment App,36880000,10561333.0,26318667.0,0.28637020065075924,76.0,Sangat Sehat,0,Mahasiswa Mapan & Hemat
18,19,Female,Sophomore,Psychology,23792000,4976000,2347200.0,4238400.0,1635200.0,331200.0,326400.0,360000.0,336000.0,756000.0,1013600.0,918400.0,Credit/Debit Card,28768000,12262400.0,16505600.0,0.4262513904338153,68.13,Sangat Sehat,0,Mahasiswa Mapan & Hemat
19,20,Female,Senior,Engineering,18512000,6416000,1669867.0,4252800.0,1097600.0,628800.0,1382400.0,273600.0,218400.0,1900800.0,218400.0,974400.0,Mobile Payment App,24928000,12617067.0,12310933.0,0.5061403642490372,63.24,Stabil,0,Mahasiswa Mapan & Hemat
20,19,Male,Junior,Psychology,18880000,11712000,2243200.0,2865600.0,1422400.0,936000.0,428800.0,244800.0,117600.0,698400.0,1036000.0,257600.0,Credit/Debit Card,30592000,10250400.0,20341600.0,0.3350679916317992,71.89,Sangat Sehat,0,Mahasiswa Mapan & Hemat
21,24,Male,Sophomore,Computer Science,8256000,8784000,2601600.0,3907200.0,1601600.0,864000.0,1804800.0,264000.0,140000.0,554400.0,408800.0,1030400.0,Mobile Payment App,17040000,13176800.0,3863200.0,0.7732863849765258,32.37,Bahaya,1,Mahasiswa Boros / Defisit
22,18,Non-binary,Sophomore,Biology,19600000,9760000,2665600.0,2270400.0,890400.0,643200.0,1881600.0,177600.0,481600.0,1144800.0,336000.0,240800.0,Cash,29360000,10732000.0,18628000.0,0.36553133514986375,66.01,Stabil,0,Mahasiswa Mapan & Hemat
23,24,Non-binary,Senior,Economics,9312000,4560000,2245333.0,2020800.0,1948800.0,662400.0,915200.0,297600.0,476000.0,1569600.0,632800.0,336000.0,Credit/Debit Card,13872000,11104533.0,2767467.0,0.8004997837370242,27.97,Bahaya,1,Mahasiswa Boros / Defisit
24,19,Female,Senior,Economics,16992000,896000,2400000.0,3508800.0,1332800.0,494400.0,486400.0,532800.0,532000.0,1713600.0,414400.0,464800.0,Mobile Payment App,17888000,11880000.0,6008000.0,0.6641323792486583,42.08,Bahaya,1,Mahasiswa Boros / Defisit
25,25,Female,Junior,Biology,16864000,8448000,2925867.0,3787200.0,2240000.0,388800.0,1350400.0,456000.0,414400.0,1706400.0,784000.0,761600.0,Mobile Payment App,25312000,14814667.0,10497333.0,0.5852823561946903,50.84,Waspada,1,Mahasiswa Boros / Defisit
26,20,Male,Senior,Economics,10672000,11040000,1888533.0,3657600.0,968800.0,888000.0,1843200.0,254400.0,212800.0,604800.0,890400.0,767200.0,Credit/Debit Card,21712000,11975733.0,9736267.0,0.5515720799557848,56.14,Waspada,0,Mahasiswa Mapan & Hemat
27,20,Female,Junior,Psychology,12736000,11280000,2995200.0,3187200.0,1629600.0,859200.0,1664000.0,609600.0,117600.0,813600.0,1086400.0,448000.0,Credit/Debit Card,24016000,13410400.0,10605600.0,0.5583944037308461,54.09,Waspada,0,Mahasiswa Mapan & Hemat
28,24,Non-binary,Sophomore,Psychology,14480000,10736000,2216533.0,2131200.0,912800.0,628800.0,902400.0,633600.0,173600.0,1123200.0,532000.0,716800.0,Credit/Debit Card,25216000,9970933.0,15245067.0,0.39542088356598987,65.23,Stabil,0,Mahasiswa Mapan & Hemat
29,23,Non-binary,Junior,Engineering,8496000,7168000,1652800.0,3561600.0,2206400.0,859200.0,608000.0,307200.0,347200.0,525600.0,582400.0,968800.0,Mobile Payment App,15664000,11619200.0,4044800.0,0.7417773237997957,37.88,Bahaya,1,Mahasiswa Boros / Defisit
30,23,Non-binary,Freshman,Economics,22816000,48000,3169600.0,3249600.0,1657600.0,528000.0,876800.0,700800.0,117600.0,1116000.0,588000.0,145600.0,Mobile Payment App,22864000,12149600.0,10714400.0,0.5313855843247026,58.62,Waspada,0,Mahasiswa Mapan & Hemat
31,23,Male,Sophomore,Psychology,23440000,4832000,2889067.0,2246400.0,632800.0,912000.0,857600.0,571200.0,459200.0,1987200.0,924000.0,1069600.0,Mobile Payment App,28272000,12549067.0,15722933.0,0.4438690930956423,61.31,Waspada,0,Mahasiswa Mapan & Hemat
32,24,Non-binary,Junior,Computer Science,8352000,8880000,2792533.0,4128000.0,946400.0,638400.0,940800.0,590400.0,268800.0,993600.0,498400.0,840000.0,Credit/Debit Card,17232000,12637333.0,4594667.0,0.7333642641597029,35.13,Bahaya,1,Mahasiswa Boros / Defisit
33,25,Female,Freshman,Economics,21408000,1760000,2994667.0,2246400.0,1820000.0,758400.0,1561600.0,470400.0,257600.0,1663200.0,1024800.0,448000.0,Cash,23168000,13245067.0,9922933.0,0.5716966073895028,50.54,Waspada,1,Mahasiswa Boros / Defisit
34,23,Male,Junior,Biology,21808000,5840000,1718400.0,3336000.0,1036000.0,796800.0,633600.0,556800.0,380800.0,554400.0,173600.0,901600.0,Mobile Payment App,27648000,10088000.0,17560000.0,0.3648726851851852,70.78,Sangat Sehat,0,Mahasiswa Mapan & Hemat
35,21,Male,Freshman,Biology,21248000,5120000,1648000.0,3446400.0,1422400.0,446400.0,1305600.0,355200.0,168000.0,1641600.0,336000.0,1002400.0,Cash,26368000,11772000.0,14596000.0,0.4464502427184466,65.69,Stabil,0,Mahasiswa Mapan & Hemat
36,22,Male,Sophomore,Engineering,21600000,10800000,2096533.0,2217600.0,2083200.0,705600.0,1804800.0,715200.0,515200.0,1936800.0,588000.0,1064000.0,Cash,32400000,13726933.0,18673067.0,0.42367077160493827,63.99,Stabil,0,Mahasiswa Mapan & Hemat
37,23,Non-binary,Senior,Computer Science,20944000,4240000,2752000.0,2880000.0,996800.0,710400.0,1190400.0,422400.0,436800.0,1742400.0,302400.0,963200.0,Cash,25184000,12396800.0,12787200.0,0.49224904701397715,61.41,Waspada,0,Mahasiswa Mapan & Hemat
38,21,Female,Senior,Biology,15440000,4016000,2850133.0,3336000.0,1394400.0,422400.0,1593600.0,235200.0,162400.0,2145600.0,537600.0,173600.0,Cash,19456000,12850933.0,6605067.0,0.6605125925164473,41.03,Bahaya,1,Mahasiswa Boros / Defisit
39,20,Female,Senior,Engineering,9600000,6272000,3057600.0,3796800.0,1730400.0,854400.0,428800.0,105600.0,162400.0,1022400.0,414400.0,588000.0,Mobile Payment App,15872000,12160800.0,3711200.0,0.766179435483871,34.25,Bahaya,1,Mahasiswa Boros / Defisit
40,24,Female,Freshman,Engineering,9680000,1888000,3037867.0,3134400.0,924000.0,907200.0,966400.0,412800.0,459200.0,842400.0,464800.0,873600.0,Mobile Payment App,11568000,12022667.0,-454667.0,1.0393038554633471,12.39,Bahaya,1,Mahasiswa Boros / Defisit
41,25,Male,Sophomore,Economics,12864000,2240000,2843733.0,2481600.0,1618400.0,705600.0,979200.0,600000.0,240800.0,1144800.0,246400.0,711200.0,Cash,15104000,11571733.0,3532267.0,0.7661369835805085,30.97,Bahaya,1,Mahasiswa Boros / Defisit
42,23,Female,Sophomore,Economics,20384000,7184000,2474133.0,3624000.0,767200.0,264000.0,1593600.0,494400.0,280000.0,1267200.0,375200.0,980000.0,Cash,27568000,12119733.0,15448267.0,0.43963047736506095,63.94,Stabil,0,Mahasiswa Mapan & Hemat
43,23,Male,Junior,Psychology,8144000,15072000,2110933.0,2452800.0,2189600.0,921600.0,1689600.0,273600.0,476000.0,777600.0,644000.0,789600.0,Credit/Debit Card,23216000,12325333.0,10890667.0,0.5308982167470709,58.81,Waspada,0,Mahasiswa Mapan & Hemat
44,23,Female,Senior,Economics,20560000,14096000,2038933.0,3552000.0,1416800.0,873600.0,1472000.0,153600.0,515200.0,849600.0,190400.0,218400.0,Credit/Debit Card,34656000,11280533.0,23375467.0,0.3255001442751616,72.52,Sangat Sehat,0,Mahasiswa Mapan & Hemat
45,18,Male,Freshman,Computer Science,14864000,5568000,2055467.0,2832000.0,1142400.0,940800.0,1171200.0,619200.0,448000.0,1173600.0,649600.0,308000.0,Credit/Debit Card,20432000,11340267.0,9091733.0,0.5550248140172279,54.85,Waspada,0,Mahasiswa Mapan & Hemat
46,25,Non-binary,Freshman,Psychology,18608000,3760000,2640533.0,2635200.0,1461600.0,412800.0,1184000.0,489600.0,117600.0,1814400.0,173600.0,492800.0,Cash,22368000,11422133.0,10945867.0,0.5106461462804006,60.17,Waspada,0,Mahasiswa Mapan & Hemat
47,19,Male,Senior,Psychology,19120000,11920000,2810133.0,4416000.0,935200.0,273600.0,563200.0,542400.0,336000.0,1742400.0,196000.0,593600.0,Mobile Payment App,31040000,12408533.0,18631467.0,0.3997594394329897,67.61,Sangat Sehat,0,Mahasiswa Mapan & Hemat
48,25,Male,Junior,Psychology,16576000,4160000,2208533.0,4406400.0,683200.0,412800.0,672000.0,297600.0,492800.0,648000.0,946400.0,767200.0,Cash,20736000,11534933.0,9201067.0,0.5562757040895062,55.99,Waspada,0,Mahasiswa Mapan & Hemat
49,24,Female,Junior,Economics,9408000,3376000,2600000.0,2899200.0,912800.0,484800.0,1267200.0,427200.0,128800.0,921600.0,347200.0,235200.0,Mobile Payment App,12784000,10224000.0,2560000.0,0.799749687108886,28.13,Bahaya,1,Mahasiswa Boros / Defisit
50,20,Female,Junior,Engineering,22032000,11568000,2887467.0,3772800.0,1988000.0,657600.0,1196800.0,216000.0,504000.0,1044000.0,1120000.0,151200.0,Cash,33600000,13537867.0,20062133.0,0.4029127083333333,68.11,Sangat Sehat,0,Mahasiswa Mapan & Hemat
51,21,Non-binary,Freshman,Economics,23216000,7664000,2923200.0,3172800.0,784000.0,321600.0,819200.0,148800.0,268800.0,2109600.0,207200.0,716800.0,Credit/Debit Card,30880000,11472000.0,19408000.0,0.3715025906735751,66.33,Stabil,0,Mahasiswa Mapan & Hemat
52,19,Male,Senior,Computer Science,10704000,10560000,2038933.0,4017600.0,1080800.0,552000.0,480000.0,580800.0,364000.0,1080000.0,537600.0,324800.0,Cash,21264000,11056533.0,10207467.0,0.5199648702031603,62.23,Stabil,0,Mahasiswa Mapan & Hemat
53,18,Male,Freshman,Psychology,20704000,13088000,2175467.0,3868800.0,644000.0,465600.0,454400.0,115200.0,173600.0,568800.0,599200.0,352800.0,Mobile Payment App,33792000,9417867.0,24374133.0,0.2787010830965909,74.71,Sangat Sehat,0,Mahasiswa Mapan & Hemat
54,24,Non-binary,Senior,Engineering,15056000,1440000,1966933.0,4622400.0,2083200.0,945600.0,934400.0,153600.0,481600.0,784800.0,252000.0,1108800.0,Mobile Payment App,16496000,13333333.0,3162667.0,0.8082767337536373,32.0,Bahaya,1,Mahasiswa Boros / Defisit
55,22,Female,Sophomore,Engineering,18096000,4992000,2263467.0,4444800.0,1898400.0,681600.0,1516800.0,696000.0,520800.0,871200.0,509600.0,884800.0,Cash,23088000,14287467.0,8800533.0,0.6188265332640333,48.48,Waspada,1,Mahasiswa Boros / Defisit
56,24,Non-binary,Freshman,Computer Science,13664000,11200000,2572800.0,2520000.0,1248800.0,696000.0,851200.0,225600.0,509600.0,2116800.0,1069600.0,952000.0,Cash,24864000,12762400.0,12101600.0,0.5132882882882883,58.41,Waspada,0,Mahasiswa Mapan & Hemat
57,20,Male,Sophomore,Economics,18528000,10448000,1609067.0,4608000.0,1209600.0,926400.0,1913600.0,192000.0,341600.0,1893600.0,308000.0,789600.0,Mobile Payment App,28976000,13791467.0,15184533.0,0.47596172694643846,65.63,Stabil,0,Mahasiswa Mapan & Hemat
58,25,Non-binary,Sophomore,Biology,10688000,800000,1946667.0,2236800.0,2111200.0,772800.0,1414400.0,288000.0,448000.0,1296000.0,795200.0,481600.0,Mobile Payment App,11488000,11790667.0,-302667.0,1.0263463614206128,13.03,Bahaya,1,Mahasiswa Boros / Defisit
59,20,Female,Junior,Biology,11120000,15520000,2503467.0,3004800.0,1702400.0,499200.0,1280000.0,225600.0,397600.0,1605600.0,520800.0,1069600.0,Mobile Payment App,26640000,12809067.0,13830933.0,0.4808208333333333,62.96,Stabil,0,Mahasiswa Mapan & Hemat
60,20,Male,Junior,Engineering,22000000,11552000,2874133.0,1996800.0,739200.0,926400.0,953600.0,321600.0,151200.0,1879200.0,257600.0,240800.0,Mobile Payment App,33552000,10340533.0,23211467.0,0.30819423581306626,68.3,Sangat Sehat,0,Mahasiswa Mapan & Hemat
61,23,Female,Junior,Engineering,17344000,5040000,2776000.0,3460800.0,1288000.0,364800.0,902400.0,412800.0,190400.0,1346400.0,890400.0,806400.0,Mobile Payment App,22384000,12438400.0,9945600.0,0.5556826304503216,54.09,Waspada,0,Mahasiswa Mapan & Hemat
62,18,Female,Senior,Biology,11728000,13408000,2798933.0,4689600.0,1668800.0,787200.0,1542400.0,408000.0,436800.0,2023200.0,677600.0,940800.0,Cash,25136000,15973333.0,9162667.0,0.6354763287714831,45.21,Bahaya,1,Mahasiswa Boros / Defisit
63,20,Non-binary,Freshman,Economics,16976000,15824000,2770133.0,2227200.0,2072000.0,278400.0,492800.0,648000.0,190400.0,892800.0,224000.0,957600.0,Mobile Payment App,32800000,10753333.0,22046667.0,0.32784551829268294,69.66,Sangat Sehat,0,Mahasiswa Mapan & Hemat
64,19,Female,Junior,Computer Science,21632000,208000,1814933.0,2289600.0,806400.0,393600.0,1216000.0,523200.0,470400.0,583200.0,313600.0,448000.0,Mobile Payment App,21840000,8858933.0,12981067.0,0.4056288003663004,65.59,Stabil,0,Mahasiswa Mapan & Hemat
65,19,Male,Freshman,Biology,17472000,8800000,3115200.0,4396800.0,840000.0,686400.0,1644800.0,432000.0,162400.0,1886400.0,1075200.0,991200.0,Mobile Payment App,26272000,15230400.0,11041600.0,0.5797198538367844,50.23,Waspada,1,Mahasiswa Boros / Defisit
66,24,Male,Freshman,Economics,15408000,5872000,2042667.0,4238400.0,1456000.0,379200.0,889600.0,648000.0,358400.0,388800.0,453600.0,414400.0,Mobile Payment App,21280000,11269067.0,10010933.0,0.5295614191729323,61.64,Waspada,0,Mahasiswa Mapan & Hemat
67,21,Female,Junior,Engineering,19264000,1936000,2272533.0,2342400.0,1584800.0,532800.0,1836800.0,552000.0,313600.0,1656000.0,476000.0,134400.0,Credit/Debit Card,21200000,11701333.0,9498667.0,0.5519496698113208,53.71,Waspada,0,Mahasiswa Mapan & Hemat
68,23,Male,Senior,Engineering,18944000,1664000,2869333.0,4512000.0,644000.0,888000.0,1094400.0,278400.0,252000.0,799200.0,168000.0,946400.0,Mobile Payment App,20608000,12451733.0,8156267.0,0.6042184103260869,50.04,Waspada,1,Mahasiswa Boros / Defisit
69,22,Male,Junior,Economics,8992000,11648000,2432000.0,4732800.0,1713600.0,504000.0,697600.0,432000.0,554400.0,1346400.0,1092000.0,190400.0,Mobile Payment App,20640000,13695200.0,6944800.0,0.6635271317829458,43.9,Bahaya,1,Mahasiswa Boros / Defisit
70,19,Male,Freshman,Economics,19488000,14048000,2476267.0,2164800.0,1310400.0,811200.0,1536000.0,504000.0,117600.0,1713600.0,565600.0,212800.0,Mobile Payment App,33536000,11412267.0,22123733.0,0.3402989921278626,67.66,Sangat Sehat,0,Mahasiswa Mapan & Hemat
71,21,Non-binary,Sophomore,Computer Science,19760000,12880000,2902400.0,3576000.0,2184000.0,720000.0,1459200.0,460800.0,448000.0,748800.0,196000.0,733600.0,Cash,32640000,13428800.0,19211200.0,0.411421568627451,68.02,Sangat Sehat,0,Mahasiswa Mapan & Hemat
72,23,Non-binary,Sophomore,Economics,22784000,5872000,1717333.0,3283200.0,1836800.0,566400.0,582400.0,686400.0,492800.0,705600.0,890400.0,302400.0,Cash,28656000,11063733.0,17592267.0,0.38608783500837524,69.98,Sangat Sehat,0,Mahasiswa Mapan & Hemat
73,22,Female,Freshman,Biology,18816000,12864000,2278400.0,4132800.0,1708000.0,465600.0,678400.0,494400.0,240800.0,1332000.0,582400.0,375200.0,Mobile Payment App,31680000,12288000.0,19392000.0,0.3878787878787879,69.88,Sangat Sehat,0,Mahasiswa Mapan & Hemat
74,25,Female,Sophomore,Engineering,21344000,1296000,2125867.0,4190400.0,1008000.0,892800.0,1510400.0,110400.0,341600.0,633600.0,487200.0,184800.0,Credit/Debit Card,22640000,11485067.0,11154933.0,0.507290945229682,64.76,Stabil,0,Mahasiswa Mapan & Hemat
75,19,Female,Senior,Computer Science,23072000,5664000,2864533.0,3518400.0,856800.0,796800.0,672000.0,139200.0,448000.0,619200.0,767200.0,610400.0,Cash,28736000,11292533.0,17443467.0,0.39297511831848553,68.02,Sangat Sehat,0,Mahasiswa Mapan & Hemat
76,22,Male,Sophomore,Computer Science,15728000,13792000,3013333.0,3110400.0,890400.0,614400.0,1657600.0,595200.0,543200.0,691200.0,840000.0,750400.0,Cash,29520000,12706133.0,16813867.0,0.4304245596205962,63.68,Stabil,0,Mahasiswa Mapan & Hemat
77,24,Female,Sophomore,Computer Science,14624000,384000,2603200.0,2707200.0,834400.0,264000.0,390400.0,619200.0,442400.0,1296000.0,526400.0,184800.0,Credit/Debit Card,15008000,9868000.0,5140000.0,0.6575159914712153,40.9,Bahaya,1,Mahasiswa Boros / Defisit
78,22,Non-binary,Senior,Economics,14368000,2480000,2894933.0,4166400.0,980000.0,619200.0,947200.0,547200.0,414400.0,1411200.0,582400.0,431200.0,Cash,16848000,12994133.0,3853867.0,0.7712567070275403,31.36,Bahaya,1,Mahasiswa Boros / Defisit
79,23,Non-binary,Junior,Economics,18624000,5712000,2779733.0,3028800.0,1853600.0,600000.0,1273600.0,552000.0,268800.0,936000.0,599200.0,1097600.0,Cash,24336000,12989333.0,11346667.0,0.5337497123602892,57.52,Waspada,0,Mahasiswa Mapan & Hemat
80,18,Female,Freshman,Biology,23744000,9504000,2472533.0,2486400.0,1674400.0,355200.0,352000.0,499200.0,487200.0,878400.0,957600.0,1080800.0,Mobile Payment App,33248000,11243733.0,22004267.0,0.3381777249759384,68.52,Sangat Sehat,0,Mahasiswa Mapan & Hemat
81,19,Female,Junior,Biology,18032000,13600000,2722133.0,2990400.0,2156000.0,451200.0,1235200.0,139200.0,319200.0,1864800.0,632800.0,173600.0,Mobile Payment App,31632000,12684533.0,18947467.0,0.40100319296914516,67.2,Sangat Sehat,0,Mahasiswa Mapan & Hemat
82,24,Non-binary,Senior,Biology,17680000,10736000,2933867.0,4036800.0,1316000.0,787200.0,697600.0,691200.0,560000.0,1814400.0,1108800.0,201600.0,Cash,28416000,14147467.0,14268533.0,0.49786975647522524,63.11,Stabil,0,Mahasiswa Mapan & Hemat
83,19,Male,Freshman,Computer Science,21616000,2496000,2415467.0,3254400.0,1041600.0,854400.0,480000.0,163200.0,532000.0,698400.0,784000.0,420000.0,Mobile Payment App,24112000,10643467.0,13468533.0,0.4414178417385534,66.86,Sangat Sehat,0,Mahasiswa Mapan & Hemat
84,22,Female,Freshman,Biology,14880000,12288000,1626667.0,2352000.0,1954400.0,259200.0,1113600.0,384000.0,285600.0,2001600.0,800800.0,229600.0,Mobile Payment App,27168000,11007467.0,16160533.0,0.40516294905771494,66.24,Stabil,0,Mahasiswa Mapan & Hemat
85,25,Non-binary,Senior,Computer Science,21536000,14912000,3030933.0,3446400.0,2105600.0,729600.0,998400.0,451200.0,453600.0,1584000.0,812000.0,464800.0,Credit/Debit Card,36448000,14076533.0,22371467.0,0.3862086534240562,67.94,Sangat Sehat,0,Mahasiswa Mapan & Hemat
86,25,Non-binary,Sophomore,Computer Science,19840000,704000,2080533.0,2966400.0,1764000.0,849600.0,1152000.0,196800.0,352800.0,1778400.0,627200.0,772800.0,Credit/Debit Card,20544000,12540533.0,8003467.0,0.610423140576324,48.08,Waspada,1,Mahasiswa Boros / Defisit
87,25,Female,Junior,Computer Science,11632000,2288000,2160533.0,4032000.0,1506400.0,571200.0,774400.0,633600.0,224000.0,1245600.0,1108800.0,700000.0,Credit/Debit Card,13920000,12956533.0,963467.0,0.9307854166666667,19.15,Bahaya,1,Mahasiswa Boros / Defisit
88,20,Female,Junior,Economics,9952000,15344000,2510400.0,2068800.0,1310400.0,883200.0,1689600.0,259200.0,470400.0,2124000.0,907200.0,991200.0,Mobile Payment App,25296000,13214400.0,12081600.0,0.5223908918406072,56.21,Waspada,0,Mahasiswa Mapan & Hemat
89,23,Male,Sophomore,Economics,12800000,14928000,2828800.0,2020800.0,806400.0,465600.0,326400.0,494400.0,369600.0,1778400.0,1024800.0,515200.0,Credit/Debit Card,27728000,10630400.0,17097600.0,0.3833814195037507,63.96,Stabil,0,Mahasiswa Mapan & Hemat
90,18,Non-binary,Junior,Psychology,19184000,8256000,3178133.0,3734400.0,1456000.0,393600.0,1523200.0,355200.0,459200.0,1072800.0,705600.0,347200.0,Credit/Debit Card,27440000,13225333.0,14214667.0,0.48197277696793,63.39,Stabil,0,Mahasiswa Mapan & Hemat
91,19,Male,Senior,Economics,16096000,6272000,1880533.0,1972800.0,1999200.0,523200.0,1715200.0,513600.0,526400.0,468000.0,772800.0,812000.0,Cash,22368000,11183733.0,11184267.0,0.499988063304721,62.06,Waspada,0,Mahasiswa Mapan & Hemat
92,23,Non-binary,Sophomore,Economics,20720000,14448000,2358933.0,3796800.0,2223200.0,691200.0,409600.0,283200.0,442400.0,1346400.0,1058400.0,632800.0,Mobile Payment App,35168000,13242933.0,21925067.0,0.37656201660600547,70.14,Sangat Sehat,0,Mahasiswa Mapan & Hemat
93,18,Male,Sophomore,Economics,19552000,10000000,2259200.0,4137600.0,711200.0,864000.0,403200.0,436800.0,504000.0,1375200.0,487200.0,683200.0,Mobile Payment App,29552000,11861600.0,17690400.0,0.4013806172171088,68.39,Sangat Sehat,0,Mahasiswa Mapan & Hemat
94,18,Female,Senior,Computer Science,22144000,12800000,2571733.0,3883200.0,1327200.0,835200.0,544000.0,100800.0,403200.0,936000.0,1036000.0,582400.0,Credit/Debit Card,34944000,12219733.0,22724267.0,0.34969474015567764,70.85,Sangat Sehat,0,Mahasiswa Mapan & Hemat
95,18,Female,Junior,Engineering,16560000,8208000,1795733.0,3648000.0,1019200.0,273600.0,608000.0,571200.0,117600.0,1195200.0,834400.0,666400.0,Credit/Debit Card,24768000,10729333.0,14038667.0,0.43319335432816536,66.49,Stabil,0,Mahasiswa Mapan & Hemat
96,20,Male,Freshman,Economics,22320000,11568000,2733867.0,2644800.0,1444800.0,624000.0,518400.0,489600.0,470400.0,1684800.0,963200.0,436800.0,Credit/Debit Card,33888000,12010667.0,21877333.0,0.35442242091595844,67.6,Sangat Sehat,0,Mahasiswa Mapan & Hemat
97,18,Non-binary,Sophomore,Biology,12272000,7312000,2717867.0,3744000.0,1853600.0,960000.0,736000.0,427200.0,151200.0,1908000.0,980000.0,884800.0,Credit/Debit Card,19584000,14362667.0,5221333.0,0.7333878165849673,35.27,Bahaya,1,Mahasiswa Boros / Defisit
98,24,Female,Senior,Biology,14928000,7232000,2509867.0,3777600.0,929600.0,652800.0,678400.0,537600.0,352800.0,1944000.0,481600.0,162400.0,Cash,22160000,12026667.0,10133333.0,0.5427196299638989,56.94,Waspada,0,Mahasiswa Mapan & Hemat
99,23,Male,Junior,Psychology,12848000,12736000,1851200.0,4468800.0,1640800.0,259200.0,934400.0,681600.0,324800.0,604800.0,582400.0,229600.0,Mobile Payment App,25584000,11577600.0,14006400.0,0.4525328330206379,68.4,Sangat Sehat,0,Mahasiswa Mapan & Hemat
100,22,Male,Sophomore,Psychology,21328000,3696000,1760000.0,4660800.0,1652000.0,244800.0,1401600.0,436800.0,526400.0,1864800.0,901600.0,280000.0,Cash,25024000,13728800.0,11295200.0,0.5486253196930946,57.07,Waspada,0,Mahasiswa Mapan & Hemat
101,23,Female,Senior,Psychology,17840000,6992000,2835733.0,3926400.0,1909600.0,652800.0,742400.0,552000.0,123200.0,403200.0,212800.0,593600.0,Mobile Payment App,24832000,11951733.0,12880267.0,0.4813036807345361,67.04,Sangat Sehat,0,Mahasiswa Mapan & Hemat
102,20,Female,Sophomore,Psychology,14720000,2384000,1795200.0,3052800.0,1652000.0,686400.0,492800.0,576000.0,537600.0,986400.0,907200.0,996800.0,Cash,17104000,11683200.0,5420800.0,0.6830682881197381,40.44,Bahaya,1,Mahasiswa Boros / Defisit
103,25,Male,Junior,Psychology,12480000,1520000,3163200.0,3643200.0,1209600.0,475200.0,1606400.0,96000.0,212800.0,1382400.0,588000.0,543200.0,Cash,14000000,12920000.0,1080000.0,0.9228571428571428,17.96,Bahaya,1,Mahasiswa Boros / Defisit
104,21,Female,Junior,Psychology,14112000,14592000,2970667.0,2664000.0,1708000.0,494400.0,518400.0,537600.0,156800.0,806400.0,907200.0,1103200.0,Mobile Payment App,28704000,11866667.0,16837333.0,0.41341509894091416,65.77,Stabil,0,Mahasiswa Mapan & Hemat
105,21,Female,Senior,Computer Science,15344000,4128000,1706667.0,2227200.0,2016000.0,734400.0,1408000.0,124800.0,492800.0,1036800.0,901600.0,750400.0,Cash,19472000,11398667.0,8073333.0,0.5853875821692687,50.93,Waspada,1,Mahasiswa Boros / Defisit
106,25,Female,Senior,Psychology,11968000,7904000,2554133.0,2145600.0,1976800.0,787200.0,1286400.0,288000.0,240800.0,712800.0,520800.0,963200.0,Mobile Payment App,19872000,11475733.0,8396267.0,0.5774825382447665,51.69,Waspada,1,Mahasiswa Boros / Defisit
107,21,Male,Junior,Biology,12960000,1168000,2604800.0,3561600.0,627200.0,830400.0,1766400.0,652800.0,352800.0,2116800.0,901600.0,761600.0,Mobile Payment App,14128000,14176000.0,-48000.0,1.0033975084937712,10.62,Bahaya,1,Mahasiswa Boros / Defisit
108,20,Male,Sophomore,Computer Science,15440000,5152000,2662400.0,2078400.0,980000.0,268800.0,454400.0,427200.0,414400.0,475200.0,330400.0,728000.0,Mobile Payment App,20592000,8819200.0,11772800.0,0.42828282828282827,64.19,Stabil,0,Mahasiswa Mapan & Hemat
109,24,Male,Senior,Psychology,12544000,8208000,2616533.0,4142400.0,649600.0,528000.0,896000.0,556800.0,313600.0,1900800.0,1002400.0,896000.0,Credit/Debit Card,20752000,13502133.0,7249867.0,0.6506424922898998,41.9,Bahaya,1,Mahasiswa Boros / Defisit
110,22,Male,Sophomore,Economics,15520000,8848000,3143467.0,3264000.0,1926400.0,748800.0,729600.0,576000.0,442400.0,381600.0,224000.0,873600.0,Mobile Payment App,24368000,12309867.0,12058133.0,0.5051652577150361,63.65,Stabil,0,Mahasiswa Mapan & Hemat
111,23,Non-binary,Senior,Economics,21584000,13968000,3128533.0,3172800.0,1148000.0,619200.0,563200.0,345600.0,156800.0,1382400.0,403200.0,565600.0,Credit/Debit Card,35552000,11485333.0,24066667.0,0.3230572963546355,69.98,Sangat Sehat,0,Mahasiswa Mapan & Hemat
112,19,Female,Senior,Psychology,12160000,976000,2895467.0,3988800.0,1500800.0,403200.0,403200.0,124800.0,515200.0,2001600.0,1036000.0,336000.0,Credit/Debit Card,13136000,13205067.0,-69067.0,1.005257841047503,13.39,Bahaya,1,Mahasiswa Boros / Defisit
113,21,Female,Freshman,Computer Science,11232000,4368000,2654400.0,4348800.0,2156000.0,508800.0,1772800.0,710400.0,229600.0,1476000.0,834400.0,649600.0,Cash,15600000,15340800.0,259200.0,0.9833846153846154,14.89,Bahaya,1,Mahasiswa Boros / Defisit
114,21,Male,Junior,Engineering,11520000,10800000,2831467.0,3172800.0,1590400.0,456000.0,979200.0,446400.0,117600.0,777600.0,453600.0,358400.0,Mobile Payment App,22320000,11183467.0,11136533.0,0.5010513888888889,63.83,Stabil,0,Mahasiswa Mapan & Hemat
115,22,Male,Freshman,Biology,20576000,12624000,1929600.0,4329600.0,1920800.0,931200.0,1164800.0,355200.0,347200.0,1231200.0,705600.0,627200.0,Mobile Payment App,33200000,13542400.0,19657600.0,0.4079036144578313,69.59,Sangat Sehat,0,Mahasiswa Mapan & Hemat
116,22,Female,Sophomore,Engineering,18160000,4176000,2534933.0,3019200.0,1876000.0,806400.0,620800.0,542400.0,336000.0,1605600.0,246400.0,347200.0,Cash,22336000,11934933.0,10401067.0,0.5343361837392551,59.1,Waspada,0,Mahasiswa Mapan & Hemat
117,18,Non-binary,Senior,Engineering,16480000,3840000,1657600.0,4123200.0,2161600.0,705600.0,1331200.0,129600.0,336000.0,1908000.0,201600.0,128800.0,Credit/Debit Card,20320000,12683200.0,7636800.0,0.6241732283464567,49.63,Waspada,1,Mahasiswa Boros / Defisit
118,21,Female,Senior,Engineering,20240000,11552000,2442133.0,3648000.0,683200.0,585600.0,403200.0,163200.0,268800.0,1800000.0,856800.0,1030400.0,Credit/Debit Card,31792000,11881333.0,19910667.0,0.37372084172118775,67.47,Sangat Sehat,0,Mahasiswa Mapan & Hemat
119,24,Female,Freshman,Psychology,18800000,12848000,3004800.0,2131200.0,1624000.0,816000.0,403200.0,120000.0,207200.0,1980000.0,621600.0,565600.0,Mobile Payment App,31648000,11473600.0,20174400.0,0.3625379170879676,67.45,Sangat Sehat,0,Mahasiswa Mapan & Hemat
120,23,Female,Freshman,Psychology,17328000,160000,2813333.0,3072000.0,1321600.0,734400.0,1644800.0,297600.0,487200.0,1353600.0,308000.0,330400.0,Mobile Payment App,17488000,12362933.0,5125067.0,0.706938071820677,36.6,Bahaya,1,Mahasiswa Boros / Defisit
121,24,Non-binary,Freshman,Biology,23792000,15040000,1689067.0,3672000.0,1131200.0,700800.0,1171200.0,696000.0,128800.0,1677600.0,672000.0,246400.0,Mobile Payment App,38832000,11785067.0,27046933.0,0.3034885403790688,71.87,Sangat Sehat,0,Mahasiswa Mapan & Hemat
122,25,Non-binary,Junior,Computer Science,21232000,3136000,2702400.0,2942400.0,1556800.0,859200.0,1196800.0,715200.0,212800.0,1634400.0,907200.0,582400.0,Cash,24368000,13309600.0,11058400.0,0.5461917268548917,55.16,Waspada,0,Mahasiswa Mapan & Hemat
123,22,Non-binary,Senior,Economics,17520000,2640000,2417067.0,3844800.0,1416800.0,801600.0,1555200.0,350400.0,184800.0,792000.0,369600.0,548800.0,Credit/Debit Card,20160000,12281067.0,7878933.0,0.6091799107142857,49.69,Waspada,1,Mahasiswa Boros / Defisit
124,23,Male,Senior,Biology,23360000,6976000,1722667.0,3777600.0,2111200.0,844800.0,1011200.0,561600.0,436800.0,2152800.0,470400.0,240800.0,Mobile Payment App,30336000,13329867.0,17006133.0,0.43940753560126583,67.58,Sangat Sehat,0,Mahasiswa Mapan & Hemat
125,20,Female,Freshman,Engineering,21664000,6832000,1968533.0,2472000.0,1254400.0,576000.0,800000.0,340800.0,257600.0,1008000.0,1030400.0,991200.0,Credit/Debit Card,28496000,10698933.0,17797067.0,0.37545385317237506,67.05,Sangat Sehat,0,Mahasiswa Mapan & Hemat
126,20,Male,Sophomore,Biology,13376000,9920000,2299200.0,2803200.0,1685600.0,768000.0,1235200.0,436800.0,257600.0,1029600.0,672000.0,296800.0,Cash,23296000,11484000.0,11812000.0,0.49296016483516486,64.01,Stabil,0,Mahasiswa Mapan & Hemat
127,22,Male,Junior,Engineering,19392000,8464000,2139733.0,4305600.0,2240000.0,254400.0,768000.0,561600.0,492800.0,2044800.0,666400.0,588000.0,Credit/Debit Card,27856000,14061333.0,13794667.0,0.5047865091901206,63.75,Stabil,0,Mahasiswa Mapan & Hemat
128,20,Non-binary,Senior,Engineering,23728000,4432000,1820267.0,2659200.0,1019200.0,662400.0,1760000.0,345600.0,196000.0,1152000.0,414400.0,1064000.0,Credit/Debit Card,28160000,11093067.0,17066933.0,0.39392993607954546,65.98,Stabil,0,Mahasiswa Mapan & Hemat
129,22,Non-binary,Sophomore,Computer Science,15968000,14960000,2890667.0,2476800.0,1663200.0,460800.0,659200.0,619200.0,436800.0,1807200.0,610400.0,352800.0,Credit/Debit Card,30928000,11977067.0,18950933.0,0.38725643429901707,66.03,Stabil,0,Mahasiswa Mapan & Hemat
130,22,Non-binary,Senior,Biology,14160000,5200000,2340800.0,4353600.0,1775200.0,691200.0,806400.0,715200.0,498400.0,1749600.0,873600.0,453600.0,Credit/Debit Card,19360000,14257600.0,5102400.0,0.7364462809917356,35.63,Bahaya,1,Mahasiswa Boros / Defisit
131,25,Male,Senior,Engineering,11616000,5328000,2055467.0,3542400.0,991200.0,936000.0,704000.0,441600.0,431200.0,842400.0,168000.0,280000.0,Credit/Debit Card,16944000,10392267.0,6551733.0,0.6133302053824362,50.17,Waspada,1,Mahasiswa Boros / Defisit
132,25,Female,Junior,Psychology,16592000,15840000,2605333.0,2308800.0,2055200.0,624000.0,1740800.0,268800.0,319200.0,1080000.0,515200.0,123200.0,Mobile Payment App,32432000,11640533.0,20791467.0,0.35892121978293046,68.5,Sangat Sehat,0,Mahasiswa Mapan & Hemat
133,22,Female,Freshman,Engineering,23296000,15888000,1801067.0,3518400.0,1125600.0,451200.0,1817600.0,590400.0,190400.0,424800.0,431200.0,543200.0,Mobile Payment App,39184000,10893867.0,28290133.0,0.27801824724377294,72.91,Sangat Sehat,0,Mahasiswa Mapan & Hemat
134,24,Male,Junior,Economics,10816000,2928000,2202133.0,2880000.0,756000.0,360000.0,1452800.0,120000.0,123200.0,1440000.0,918400.0,744800.0,Mobile Payment App,13744000,10997333.0,2746667.0,0.8001551949941793,26.39,Bahaya,1,Mahasiswa Boros / Defisit
135,24,Female,Senior,Psychology,9136000,3440000,2975467.0,2035200.0,744800.0,715200.0,889600.0,139200.0,324800.0,1980000.0,968800.0,610400.0,Mobile Payment App,12576000,11383467.0,1192533.0,0.9051739026717557,16.15,Bahaya,1,Mahasiswa Boros / Defisit
136,23,Male,Junior,Computer Science,19408000,12176000,3170133.0,3686400.0,1377600.0,940800.0,1056000.0,249600.0,380800.0,1425600.0,1008000.0,224000.0,Mobile Payment App,31584000,13518933.0,18065067.0,0.42803106003039515,66.2,Stabil,0,Mahasiswa Mapan & Hemat
137,24,Female,Sophomore,Psychology,17792000,8752000,2829333.0,2390400.0,1999200.0,816000.0,1171200.0,441600.0,470400.0,993600.0,515200.0,1103200.0,Cash,26544000,12730133.0,13813867.0,0.47958608348402654,63.08,Stabil,0,Mahasiswa Mapan & Hemat
138,18,Female,Sophomore,Economics,17600000,8560000,2578133.0,2846400.0,1125600.0,945600.0,499200.0,441600.0,246400.0,1281600.0,1108800.0,252000.0,Credit/Debit Card,26160000,11325333.0,14834667.0,0.4329255733944954,65.71,Stabil,0,Mahasiswa Mapan & Hemat
139,21,Male,Sophomore,Psychology,8416000,6000000,2282133.0,3585600.0,890400.0,878400.0,1260800.0,321600.0,117600.0,633600.0,324800.0,604800.0,Cash,14416000,10899733.0,3516267.0,0.756085807436182,34.17,Bahaya,1,Mahasiswa Boros / Defisit
140,22,Male,Junior,Computer Science,15216000,3232000,1691733.0,3926400.0,884800.0,326400.0,608000.0,364800.0,352800.0,878400.0,263200.0,537600.0,Mobile Payment App,18448000,9834133.0,8613867.0,0.5330731244579359,60.63,Waspada,0,Mahasiswa Mapan & Hemat
141,23,Male,Sophomore,Computer Science,20816000,2608000,3037867.0,4315200.0,655200.0,244800.0,1779200.0,105600.0,123200.0,1101600.0,392000.0,840000.0,Cash,23424000,12594667.0,10829333.0,0.5376821635928962,56.71,Waspada,0,Mahasiswa Mapan & Hemat
142,25,Male,Junior,Psychology,17648000,80000,3178667.0,3244800.0,2100000.0,715200.0,851200.0,364800.0,184800.0,1526400.0,924000.0,946400.0,Mobile Payment App,17728000,14036267.0,3691733.0,0.7917569381768953,29.17,Bahaya,1,Mahasiswa Boros / Defisit
143,24,Male,Senior,Computer Science,17328000,7456000,3035733.0,3091200.0,621600.0,384000.0,1504000.0,364800.0,235200.0,777600.0,364000.0,408800.0,Cash,24784000,10786933.0,13997067.0,0.43523777437056166,63.98,Stabil,0,Mahasiswa Mapan & Hemat
144,23,Female,Senior,Engineering,13760000,752000,1630400.0,2947200.0,1316000.0,552000.0,748800.0,340800.0,403200.0,1627200.0,526400.0,705600.0,Cash,14512000,10797600.0,3714400.0,0.7440463065049614,33.94,Bahaya,1,Mahasiswa Boros / Defisit
145,18,Male,Senior,Biology,21664000,14112000,1781867.0,4651200.0,1948800.0,360000.0,806400.0,235200.0,520800.0,1447200.0,649600.0,996800.0,Cash,35776000,13397867.0,22378133.0,0.37449315183363147,70.6,Sangat Sehat,0,Mahasiswa Mapan & Hemat
146,23,Male,Senior,Biology,14032000,13552000,2542933.0,2232000.0,1237600.0,460800.0,332800.0,187200.0,408800.0,676800.0,789600.0,358400.0,Credit/Debit Card,27584000,9226933.0,18357067.0,0.3345030814965197,69.4,Sangat Sehat,0,Mahasiswa Mapan & Hemat
147,21,Male,Freshman,Engineering,10384000,9232000,1624533.0,4468800.0,1254400.0,772800.0,1280000.0,115200.0,448000.0,1533600.0,756000.0,1008000.0,Credit/Debit Card,19616000,13261333.0,6354667.0,0.676046747553018,42.03,Bahaya,1,Mahasiswa Boros / Defisit
148,24,Male,Sophomore,Computer Science,14352000,3520000,2482667.0,3835200.0,2004800.0,600000.0,1856000.0,384000.0,128800.0,1123200.0,991200.0,257600.0,Credit/Debit Card,17872000,13663467.0,4208533.0,0.7645180729632945,32.8,Bahaya,1,Mahasiswa Boros / Defisit
149,21,Non-binary,Freshman,Psychology,18352000,13952000,1978133.0,2788800.0,571200.0,902400.0,1440000.0,470400.0,403200.0,1965600.0,705600.0,929600.0,Mobile Payment App,32304000,12154933.0,20149067.0,0.3762671186230807,65.47,Stabil,0,Mahasiswa Mapan & Hemat
150,23,Non-binary,Senior,Biology,21872000,9696000,2974400.0,4396800.0,1456000.0,374400.0,1363200.0,696000.0,397600.0,1605600.0,688800.0,1114400.0,Credit/Debit Card,31568000,15067200.0,16500800.0,0.4772934617334009,63.31,Stabil,0,Mahasiswa Mapan & Hemat
151,21,Male,Freshman,Computer Science,10352000,6112000,2636267.0,3873600.0,834400.0,292800.0,1369600.0,652800.0,145600.0,1375200.0,571200.0,599200.0,Cash,16464000,12350667.0,4113333.0,0.7501619897959184,32.13,Bahaya,1,Mahasiswa Boros / Defisit
152,21,Female,Senior,Engineering,10496000,11600000,1792000.0,4468800.0,1842400.0,902400.0,608000.0,576000.0,515200.0,734400.0,330400.0,1108800.0,Credit/Debit Card,22096000,12878400.0,9217600.0,0.5828385228095583,54.96,Waspada,1,Mahasiswa Boros / Defisit
153,19,Non-binary,Junior,Economics,18096000,5040000,1703467.0,2246400.0,1836800.0,849600.0,755200.0,124800.0,386400.0,475200.0,901600.0,672000.0,Mobile Payment App,23136000,9951467.0,13184533.0,0.4301291061549101,67.67,Sangat Sehat,0,Mahasiswa Mapan & Hemat
154,19,Female,Freshman,Psychology,21104000,12848000,2218667.0,3249600.0,890400.0,350400.0,1465600.0,672000.0,212800.0,777600.0,980000.0,173600.0,Cash,33952000,10990667.0,22961333.0,0.32371191682375117,69.31,Sangat Sehat,0,Mahasiswa Mapan & Hemat
155,22,Female,Freshman,Economics,14672000,13696000,2672000.0,2083200.0,716800.0,883200.0,1772800.0,470400.0,162400.0,828000.0,341600.0,369600.0,Credit/Debit Card,28368000,10300000.0,18068000.0,0.36308516638465876,66.2,Stabil,0,Mahasiswa Mapan & Hemat
156,19,Female,Sophomore,Biology,13952000,3296000,2831467.0,4531200.0,1299200.0,796800.0,979200.0,278400.0,358400.0,482400.0,935200.0,481600.0,Credit/Debit Card,17248000,12973867.0,4274133.0,0.7521954429499073,35.12,Bahaya,1,Mahasiswa Boros / Defisit
157,20,Male,Sophomore,Economics,14416000,1840000,1806933.0,3537600.0,1652000.0,403200.0,1900800.0,316800.0,448000.0,1051200.0,560000.0,520800.0,Mobile Payment App,16256000,12197333.0,4058667.0,0.750328063484252,33.73,Bahaya,1,Mahasiswa Boros / Defisit
158,18,Male,Junior,Engineering,8576000,8560000,2958400.0,3244800.0,1428000.0,393600.0,710400.0,614400.0,196000.0,1814400.0,896000.0,442400.0,Credit/Debit Card,17136000,12698400.0,4437600.0,0.7410364145658264,32.81,Bahaya,1,Mahasiswa Boros / Defisit
159,25,Female,Senior,Psychology,8096000,14896000,2179733.0,4790400.0,1405600.0,840000.0,512000.0,393600.0,459200.0,547200.0,851200.0,313600.0,Mobile Payment App,22992000,12292533.0,10699467.0,0.5346439196242171,61.9,Waspada,0,Mahasiswa Mapan & Hemat
160,23,Female,Junior,Economics,19216000,10160000,1998933.0,2203200.0,1629600.0,268800.0,1273600.0,480000.0,453600.0,2088000.0,756000.0,733600.0,Credit/Debit Card,29376000,11885333.0,17490667.0,0.40459330746187366,64.17,Stabil,0,Mahasiswa Mapan & Hemat
161,25,Non-binary,Senior,Computer Science,19024000,768000,2969600.0,3912000.0,890400.0,379200.0,422400.0,542400.0,380800.0,655200.0,526400.0,207200.0,Cash,19792000,10885600.0,8906400.0,0.55,56.83,Waspada,0,Mahasiswa Mapan & Hemat
162,23,Female,Junior,Economics,8736000,6192000,2074667.0,3585600.0,1579200.0,672000.0,339200.0,168000.0,212800.0,482400.0,420000.0,1013600.0,Credit/Debit Card,14928000,10547467.0,4380533.0,0.7065559351554126,40.8,Bahaya,1,Mahasiswa Boros / Defisit
163,19,Non-binary,Senior,Biology,18896000,15824000,1686400.0,2683200.0,1097600.0,657600.0,569600.0,220800.0,336000.0,1792800.0,750400.0,1120000.0,Cash,34720000,10914400.0,23805600.0,0.3143548387096774,69.63,Sangat Sehat,0,Mahasiswa Mapan & Hemat
164,18,Female,Sophomore,Economics,12960000,4672000,2108267.0,3700800.0,1904000.0,244800.0,627200.0,576000.0,492800.0,957600.0,324800.0,632800.0,Cash,17632000,11569067.0,6062933.0,0.6561403697822141,44.65,Bahaya,1,Mahasiswa Boros / Defisit
165,19,Non-binary,Freshman,Engineering,13680000,6352000,2148267.0,3038400.0,2240000.0,700800.0,1113600.0,710400.0,235200.0,554400.0,856800.0,683200.0,Cash,20032000,12281067.0,7750933.0,0.6130724341054313,49.02,Waspada,1,Mahasiswa Boros / Defisit
166,23,Male,Sophomore,Biology,21664000,272000,3152533.0,3028800.0,2156000.0,768000.0,716800.0,163200.0,179200.0,1620000.0,968800.0,336000.0,Cash,21936000,13089333.0,8846667.0,0.5967055525164113,50.05,Waspada,1,Mahasiswa Boros / Defisit
167,20,Male,Freshman,Psychology,16896000,13776000,2897600.0,1944000.0,1024800.0,931200.0,1196800.0,292800.0,369600.0,1036800.0,599200.0,123200.0,Cash,30672000,10416000.0,20256000.0,0.3395931142410016,67.65,Sangat Sehat,0,Mahasiswa Mapan & Hemat
168,19,Male,Freshman,Economics,9920000,3440000,2656533.0,3379200.0,1360800.0,945600.0,1824000.0,648000.0,464800.0,1382400.0,201600.0,1103200.0,Credit/Debit Card,13360000,13966133.0,-606133.0,1.045369236526946,12.21,Bahaya,1,Mahasiswa Boros / Defisit
169,24,Female,Freshman,Economics,19312000,5424000,2325867.0,3062400.0,1125600.0,686400.0,1542400.0,537600.0,162400.0,619200.0,778400.0,616000.0,Cash,24736000,11456267.0,13279733.0,0.4631414537516171,64.24,Stabil,0,Mahasiswa Mapan & Hemat
170,21,Non-binary,Sophomore,Psychology,9936000,7296000,3142933.0,4608000.0,1114400.0,595200.0,1779200.0,552000.0,268800.0,1389600.0,996800.0,380800.0,Cash,17232000,14827733.0,2404267.0,0.860476613277623,23.23,Bahaya,1,Mahasiswa Boros / Defisit
171,25,Female,Senior,Engineering,16528000,1024000,2266133.0,2481600.0,582400.0,307200.0,1657600.0,628800.0,369600.0,1684800.0,352800.0,582400.0,Mobile Payment App,17552000,10913333.0,6638667.0,0.6217714790337283,42.65,Bahaya,1,Mahasiswa Boros / Defisit
172,19,Non-binary,Freshman,Psychology,11552000,32000,1973867.0,2160000.0,571200.0,393600.0,1708800.0,182400.0,364000.0,928800.0,1041600.0,700000.0,Mobile Payment App,11584000,10024267.0,1559733.0,0.8653545407458564,19.41,Bahaya,1,Mahasiswa Boros / Defisit
173,20,Male,Freshman,Psychology,20864000,1216000,1900800.0,4065600.0,1008000.0,441600.0,1920000.0,432000.0,358400.0,813600.0,190400.0,632800.0,Mobile Payment App,22080000,11763200.0,10316800.0,0.5327536231884058,59.07,Waspada,0,Mahasiswa Mapan & Hemat
174,21,Non-binary,Junior,Biology,14592000,15520000,1826133.0,4756800.0,1948800.0,868800.0,550400.0,643200.0,392000.0,1260000.0,224000.0,1030400.0,Credit/Debit Card,30112000,13500533.0,16611467.0,0.44834394925611054,68.9,Sangat Sehat,0,Mahasiswa Mapan & Hemat
175,23,Male,Sophomore,Biology,15408000,13936000,2640533.0,3734400.0,1416800.0,504000.0,864000.0,595200.0,257600.0,1332000.0,918400.0,896000.0,Cash,29344000,13158933.0,16185067.0,0.4484369206652126,64.96,Stabil,0,Mahasiswa Mapan & Hemat
176,18,Female,Junior,Engineering,20576000,9888000,1608000.0,4440000.0,576800.0,619200.0,358400.0,240000.0,520800.0,1548000.0,240800.0,588000.0,Mobile Payment App,30464000,10740000.0,19724000.0,0.35254726890756305,71.64,Sangat Sehat,0,Mahasiswa Mapan & Hemat
177,18,Male,Freshman,Economics,17664000,2880000,2481600.0,3278400.0,2027200.0,888000.0,576000.0,379200.0,509600.0,655200.0,554400.0,358400.0,Credit/Debit Card,20544000,11708000.0,8836000.0,0.569898753894081,55.72,Waspada,0,Mahasiswa Mapan & Hemat
178,23,Non-binary,Senior,Economics,11152000,14832000,2003200.0,3523200.0,2206400.0,921600.0,697600.0,384000.0,408800.0,1778400.0,386400.0,1092000.0,Cash,25984000,13401600.0,12582400.0,0.5157635467980296,62.42,Stabil,0,Mahasiswa Mapan & Hemat
179,21,Male,Freshman,Engineering,19680000,15488000,2268800.0,2592000.0,1596000.0,475200.0,1081600.0,484800.0,319200.0,554400.0,487200.0,240800.0,Cash,35168000,10100000.0,25068000.0,0.2871929026387625,72.36,Sangat Sehat,0,Mahasiswa Mapan & Hemat
180,25,Female,Junior,Engineering,21520000,10384000,2074133.0,4411200.0,1741600.0,638400.0,435200.0,715200.0,369600.0,496800.0,890400.0,907200.0,Mobile Payment App,31904000,12679733.0,19224267.0,0.3974339581243731,70.17,Sangat Sehat,0,Mahasiswa Mapan & Hemat
181,20,Female,Junior,Biology,22576000,8272000,1639467.0,4195200.0,845600.0,369600.0,1401600.0,100800.0,246400.0,2016000.0,319200.0,985600.0,Mobile Payment App,30848000,12119467.0,18728533.0,0.3928769126037344,67.68,Sangat Sehat,0,Mahasiswa Mapan & Hemat
182,24,Female,Freshman,Economics,21680000,4512000,3198933.0,2961600.0,1741600.0,379200.0,1689600.0,168000.0,408800.0,1828800.0,733600.0,918400.0,Credit/Debit Card,26192000,14028533.0,12163467.0,0.5356037339645693,55.46,Waspada,0,Mahasiswa Mapan & Hemat
183,24,Non-binary,Junior,Economics,9728000,14688000,2163200.0,2726400.0,1881600.0,892800.0,1017600.0,393600.0,498400.0,1807200.0,929600.0,795200.0,Mobile Payment App,24416000,13105600.0,11310400.0,0.5367627785058978,57.01,Waspada,0,Mahasiswa Mapan & Hemat
184,22,Female,Senior,Biology,9056000,7680000,1889067.0,4003200.0,2016000.0,307200.0,1849600.0,230400.0,481600.0,1627200.0,739200.0,672000.0,Credit/Debit Card,16736000,13815467.0,2920533.0,0.8254939651051625,27.06,Bahaya,1,Mahasiswa Boros / Defisit
185,25,Female,Junior,Economics,20960000,15712000,2425600.0,4017600.0,1226400.0,288000.0,460800.0,393600.0,285600.0,1872000.0,168000.0,957600.0,Mobile Payment App,36672000,12095200.0,24576800.0,0.3298211169284468,70.53,Sangat Sehat,0,Mahasiswa Mapan & Hemat
186,24,Female,Sophomore,Biology,21664000,832000,1690133.0,4075200.0,1876000.0,288000.0,1273600.0,369600.0,252000.0,727200.0,1092000.0,700000.0,Credit/Debit Card,22496000,12343733.0,10152267.0,0.5487079036273115,57.89,Waspada,0,Mahasiswa Mapan & Hemat
187,23,Male,Sophomore,Economics,16320000,272000,2477333.0,4526400.0,1708000.0,748800.0,1536000.0,590400.0,296800.0,2088000.0,431200.0,352800.0,Cash,16592000,14755733.0,1836267.0,0.8893281702025072,22.36,Bahaya,1,Mahasiswa Boros / Defisit
188,24,Non-binary,Senior,Engineering,22304000,13936000,2373333.0,1996800.0,1500800.0,638400.0,934400.0,105600.0,380800.0,1238400.0,705600.0,1036000.0,Cash,36240000,10910133.0,25329867.0,0.30105223509933776,69.33,Sangat Sehat,0,Mahasiswa Mapan & Hemat
189,22,Non-binary,Sophomore,Psychology,15264000,5392000,3069867.0,3441600.0,890400.0,936000.0,1254400.0,662400.0,145600.0,1108800.0,896000.0,476000.0,Credit/Debit Card,20656000,12881067.0,7774933.0,0.6235992931835787,45.43,Bahaya,1,Mahasiswa Boros / Defisit
190,21,Male,Senior,Biology,23168000,12704000,2111467.0,2995200.0,957600.0,825600.0,659200.0,283200.0,498400.0,1483200.0,1019200.0,884800.0,Mobile Payment App,35872000,11717867.0,24154133.0,0.32665775535236397,69.17,Sangat Sehat,0,Mahasiswa Mapan & Hemat
191,21,Non-binary,Sophomore,Biology,15488000,128000,2174933.0,3216000.0,604800.0,268800.0,825600.0,124800.0,369600.0,1958400.0,358400.0,845600.0,Credit/Debit Card,15616000,10746933.0,4869067.0,0.6882001152663935,37.48,Bahaya,1,Mahasiswa Boros / Defisit
192,19,Male,Freshman,Economics,23200000,12944000,2188267.0,4056000.0,1428000.0,427200.0,870400.0,528000.0,476000.0,1317600.0,476000.0,616000.0,Credit/Debit Card,36144000,12383467.0,23760533.0,0.3426147355024347,70.62,Sangat Sehat,0,Mahasiswa Mapan & Hemat
193,22,Female,Freshman,Computer Science,21056000,15008000,2301867.0,4574400.0,856800.0,859200.0,1465600.0,504000.0,369600.0,1324800.0,845600.0,767200.0,Credit/Debit Card,36064000,13869067.0,22194933.0,0.38456818433895296,68.22,Sangat Sehat,0,Mahasiswa Mapan & Hemat
194,24,Male,Freshman,Computer Science,14464000,15280000,2173333.0,4200000.0,1736000.0,945600.0,1286400.0,436800.0,464800.0,1612800.0,1041600.0,565600.0,Cash,29744000,14462933.0,15281067.0,0.48624707504034426,64.82,Stabil,0,Mahasiswa Mapan & Hemat
195,23,Female,Junior,Computer Science,23808000,1232000,2889600.0,2616000.0,627200.0,926400.0,1011200.0,100800.0,358400.0,1850400.0,940800.0,481600.0,Cash,25040000,11802400.0,13237600.0,0.47134185303514375,61.74,Waspada,0,Mahasiswa Mapan & Hemat
196,20,Female,Junior,Psychology,14288000,4128000,3134400.0,2251200.0,733600.0,921600.0,1420800.0,350400.0,470400.0,900000.0,985600.0,414400.0,Cash,18416000,11582400.0,6833600.0,0.6289313640312771,42.66,Bahaya,1,Mahasiswa Boros / Defisit
197,21,Male,Freshman,Biology,8432000,13616000,2380800.0,3278400.0,2184000.0,931200.0,1184000.0,609600.0,364000.0,1353600.0,940800.0,1080800.0,Credit/Debit Card,22048000,14307200.0,7740800.0,0.648911465892598,43.68,Bahaya,1,Mahasiswa Boros / Defisit
198,24,Male,Senior,Biology,12864000,10240000,1622933.0,4449600.0,1943200.0,801600.0,966400.0,547200.0,196000.0,1483200.0,526400.0,946400.0,Credit/Debit Card,23104000,13482933.0,9621067.0,0.5835757011772853,54.07,Waspada,1,Mahasiswa Boros / Defisit
199,25,Female,Junior,Engineering,8752000,3728000,2704000.0,3038400.0,918400.0,451200.0,940800.0,590400.0,140000.0,1699200.0,649600.0,207200.0,Credit/Debit Card,12480000,11339200.0,1140800.0,0.9085897435897435,18.34,Bahaya,1,Mahasiswa Boros / Defisit
200,19,Non-binary,Freshman,Computer Science,8368000,14272000,2497600.0,2102400.0,1008000.0,312000.0,1331200.0,518400.0,330400.0,1382400.0,515200.0,739200.0,Cash,22640000,10736800.0,11903200.0,0.4742402826855124,60.59,Waspada,0,Mahasiswa Mapan & Hemat
201,24,Female,Senior,Economics,16640000,15520000,2822933.0,3364800.0,1808800.0,465600.0,1254400.0,446400.0,347200.0,1224000.0,504000.0,358400.0,Credit/Debit Card,32160000,12596533.0,19563467.0,0.39168324004975125,67.76,Sangat Sehat,0,Mahasiswa Mapan & Hemat
202,24,Male,Freshman,Computer Science,14688000,4368000,1606400.0,3643200.0,632800.0,868800.0,396800.0,475200.0,453600.0,1627200.0,868000.0,1114400.0,Credit/Debit Card,19056000,11686400.0,7369600.0,0.6132661628883291,47.59,Waspada,1,Mahasiswa Boros / Defisit
203,23,Female,Junior,Biology,8064000,12400000,2203733.0,4785600.0,1327200.0,331200.0,1273600.0,532800.0,324800.0,446400.0,1092000.0,1092000.0,Credit/Debit Card,20464000,13409333.0,7054667.0,0.655264513291634,43.99,Bahaya,1,Mahasiswa Boros / Defisit
204,24,Female,Senior,Economics,19248000,1840000,1724800.0,4118400.0,1394400.0,753600.0,1868800.0,633600.0,526400.0,2001600.0,369600.0,274400.0,Cash,21088000,13665600.0,7422400.0,0.6480273141122913,44.13,Bahaya,1,Mahasiswa Boros / Defisit
205,20,Female,Senior,Psychology,15216000,4464000,2135467.0,2174400.0,2049600.0,580800.0,1836800.0,340800.0,364000.0,1490400.0,722400.0,683200.0,Mobile Payment App,19680000,12377867.0,7302133.0,0.6289566565040651,44.19,Bahaya,1,Mahasiswa Boros / Defisit
206,24,Non-binary,Sophomore,Psychology,13712000,9328000,2100800.0,2817600.0,823200.0,604800.0,1024000.0,561600.0,476000.0,705600.0,386400.0,800800.0,Mobile Payment App,23040000,10300800.0,12739200.0,0.44708333333333333,64.48,Stabil,0,Mahasiswa Mapan & Hemat
207,19,Male,Senior,Psychology,12992000,8624000,1701867.0,3571200.0,604800.0,907200.0,1894400.0,148800.0,453600.0,1468800.0,487200.0,190400.0,Cash,21616000,11428267.0,10187733.0,0.5286948094004441,58.94,Waspada,0,Mahasiswa Mapan & Hemat
208,18,Male,Sophomore,Computer Science,8640000,10384000,2766933.0,3580800.0,968800.0,705600.0,723200.0,667200.0,162400.0,741600.0,408800.0,660800.0,Credit/Debit Card,19024000,11386133.0,7637867.0,0.5985141400336417,50.03,Waspada,1,Mahasiswa Boros / Defisit
209,19,Non-binary,Junior,Psychology,14224000,7728000,1603733.0,3230400.0,1260000.0,542400.0,723200.0,710400.0,224000.0,1843200.0,957600.0,980000.0,Cash,21952000,12074933.0,9877067.0,0.5500607233965015,55.04,Waspada,0,Mahasiswa Mapan & Hemat
210,18,Non-binary,Freshman,Psychology,15872000,10880000,3049600.0,2558400.0,1349600.0,403200.0,1766400.0,312000.0,453600.0,1015200.0,957600.0,285600.0,Credit/Debit Card,26752000,12151200.0,14600800.0,0.4542165071770335,62.48,Stabil,0,Mahasiswa Mapan & Hemat
211,21,Male,Junior,Biology,12160000,13904000,1979733.0,2721600.0,1629600.0,451200.0,550400.0,676800.0,543200.0,396000.0,924000.0,246400.0,Mobile Payment App,26064000,10118933.0,15945067.0,0.38823407765500306,68.71,Sangat Sehat,0,Mahasiswa Mapan & Hemat
212,25,Male,Sophomore,Biology,19184000,15936000,2594667.0,2558400.0,1159200.0,590400.0,448000.0,499200.0,425600.0,1843200.0,1058400.0,1075200.0,Credit/Debit Card,35120000,12252267.0,22867733.0,0.3488686503416856,66.59,Stabil,0,Mahasiswa Mapan & Hemat
213,20,Female,Junior,Biology,9248000,7360000,2609600.0,2342400.0,778400.0,806400.0,371200.0,504000.0,515200.0,1274400.0,1024800.0,515200.0,Credit/Debit Card,16608000,10741600.0,5866400.0,0.6467726396917148,41.48,Bahaya,1,Mahasiswa Boros / Defisit
214,24,Female,Senior,Economics,15904000,15040000,2605333.0,2337600.0,800800.0,259200.0,505600.0,355200.0,296800.0,554400.0,369600.0,123200.0,Cash,30944000,8207733.0,22736267.0,0.26524473241985524,71.81,Sangat Sehat,0,Mahasiswa Mapan & Hemat
215,18,Non-binary,Junior,Economics,8832000,7696000,2833067.0,4497600.0,1719200.0,369600.0,454400.0,100800.0,291200.0,914400.0,257600.0,431200.0,Mobile Payment App,16528000,11869067.0,4658933.0,0.7181187681510165,39.7,Bahaya,1,Mahasiswa Boros / Defisit
216,21,Male,Junior,Computer Science,23104000,12672000,3128533.0,2913600.0,2217600.0,907200.0,800000.0,364800.0,448000.0,424800.0,442400.0,436800.0,Credit/Debit Card,35776000,12083733.0,23692267.0,0.3377608732110912,71.48,Sangat Sehat,0,Mahasiswa Mapan & Hemat
217,19,Female,Junior,Psychology,19248000,8800000,1750400.0,3139200.0,1019200.0,518400.0,1843200.0,705600.0,212800.0,662400.0,1019200.0,716800.0,Mobile Payment App,28048000,11587200.0,16460800.0,0.41312036508841987,65.58,Stabil,0,Mahasiswa Mapan & Hemat
218,25,Female,Sophomore,Computer Science,23696000,800000,2612267.0,4713600.0,879200.0,777600.0,1017600.0,144000.0,425600.0,1620000.0,554400.0,929600.0,Credit/Debit Card,24496000,13673867.0,10822133.0,0.5582081564337035,55.39,Waspada,0,Mahasiswa Mapan & Hemat
219,25,Non-binary,Sophomore,Economics,11200000,2784000,2836267.0,4060800.0,1153600.0,518400.0,1817600.0,336000.0,128800.0,1584000.0,946400.0,795200.0,Credit/Debit Card,13984000,14177067.0,-193067.0,1.013806278604119,12.13,Bahaya,1,Mahasiswa Boros / Defisit
220,25,Female,Junior,Economics,17392000,6640000,2817067.0,2414400.0,868000.0,892800.0,742400.0,148800.0,173600.0,777600.0,789600.0,1120000.0,Mobile Payment App,24032000,10744267.0,13287733.0,0.4470816827563249,63.77,Stabil,0,Mahasiswa Mapan & Hemat
221,23,Male,Senior,Economics,10752000,11184000,2410667.0,2088000.0,856800.0,864000.0,390400.0,360000.0,313600.0,1785600.0,1092000.0,459200.0,Mobile Payment App,21936000,10620267.0,11315733.0,0.48414783916849014,61.39,Waspada,0,Mahasiswa Mapan & Hemat
222,21,Male,Sophomore,Computer Science,13200000,14112000,2297067.0,2827200.0,1013600.0,259200.0,569600.0,542400.0,308000.0,1915200.0,190400.0,985600.0,Credit/Debit Card,27312000,10908267.0,16403733.0,0.39939466168717047,65.3,Stabil,0,Mahasiswa Mapan & Hemat
223,24,Male,Sophomore,Computer Science,16528000,4272000,3198400.0,3868800.0,2094400.0,412800.0,1465600.0,374400.0,173600.0,1000800.0,856800.0,431200.0,Cash,20800000,13876800.0,6923200.0,0.6671538461538462,42.07,Bahaya,1,Mahasiswa Boros / Defisit
224,25,Non-binary,Freshman,Engineering,12384000,4000000,2829867.0,4521600.0,1814400.0,350400.0,1734400.0,513600.0,431200.0,662400.0,448000.0,369600.0,Credit/Debit Card,16384000,13675467.0,2708533.0,0.8346842651367188,27.22,Bahaya,1,Mahasiswa Boros / Defisit
225,23,Male,Junior,Engineering,21840000,11904000,1635200.0,4492800.0,1484000.0,249600.0,774400.0,220800.0,476000.0,2102400.0,716800.0,644000.0,Credit/Debit Card,33744000,12796000.0,20948000.0,0.379208155523945,69.43,Sangat Sehat,0,Mahasiswa Mapan & Hemat
226,25,Non-binary,Sophomore,Economics,12960000,13216000,1978133.0,4502400.0,1153600.0,864000.0,716800.0,393600.0,252000.0,1188000.0,616000.0,548800.0,Mobile Payment App,26176000,12213333.0,13962667.0,0.4665851543398533,67.35,Sangat Sehat,0,Mahasiswa Mapan & Hemat
227,22,Male,Sophomore,Economics,13696000,528000,2890667.0,4641600.0,2189600.0,537600.0,1254400.0,206400.0,397600.0,2116800.0,509600.0,778400.0,Mobile Payment App,14224000,15522667.0,-1298667.0,1.09130111079865,14.24,Bahaya,1,Mahasiswa Boros / Defisit
228,21,Female,Senior,Psychology,15760000,9376000,2317333.0,2308800.0,616000.0,676800.0,864000.0,494400.0,235200.0,1944000.0,1086400.0,1097600.0,Credit/Debit Card,25136000,11640533.0,13495467.0,0.46310204487587525,60.76,Waspada,0,Mahasiswa Mapan & Hemat
229,22,Non-binary,Junior,Biology,14704000,5904000,2452800.0,3782400.0,666400.0,816000.0,371200.0,595200.0,190400.0,698400.0,358400.0,1036000.0,Credit/Debit Card,20608000,10967200.0,9640800.0,0.5321816770186335,59.49,Waspada,0,Mahasiswa Mapan & Hemat
230,18,Female,Sophomore,Biology,10192000,2080000,2747733.0,2683200.0,1904000.0,297600.0,1446400.0,201600.0,403200.0,1756800.0,1103200.0,235200.0,Cash,12272000,12778933.0,-506933.0,1.0413080997392439,11.47,Bahaya,1,Mahasiswa Boros / Defisit
231,20,Male,Freshman,Economics,14304000,5232000,1885333.0,3307200.0,1192800.0,609600.0,441600.0,556800.0,280000.0,1029600.0,453600.0,285600.0,Credit/Debit Card,19536000,10042133.0,9493867.0,0.5140321969696969,63.07,Stabil,0,Mahasiswa Mapan & Hemat
232,22,Female,Senior,Economics,13984000,8976000,1841067.0,2419200.0,1674400.0,532800.0,1516800.0,542400.0,397600.0,748800.0,252000.0,347200.0,Cash,22960000,10272267.0,12687733.0,0.4473983885017422,65.62,Stabil,0,Mahasiswa Mapan & Hemat
233,22,Female,Junior,Computer Science,13600000,11184000,1696000.0,3729600.0,1097600.0,489600.0,1356800.0,470400.0,420000.0,1382400.0,268800.0,593600.0,Credit/Debit Card,24784000,11504800.0,13279200.0,0.4642027114267269,65.3,Stabil,0,Mahasiswa Mapan & Hemat
234,24,Non-binary,Junior,Engineering,14064000,13840000,3062933.0,4420800.0,1394400.0,907200.0,1420800.0,532800.0,397600.0,806400.0,336000.0,744800.0,Credit/Debit Card,27904000,14023733.0,13880267.0,0.5025707067087156,63.97,Stabil,0,Mahasiswa Mapan & Hemat
235,24,Female,Junior,Economics,12976000,5536000,1881067.0,3816000.0,1724800.0,508800.0,473600.0,604800.0,128800.0,2152800.0,621600.0,851200.0,Credit/Debit Card,18512000,12763467.0,5748533.0,0.6894699114088159,40.15,Bahaya,1,Mahasiswa Boros / Defisit
236,21,Male,Sophomore,Computer Science,12944000,12288000,2175467.0,2424000.0,1041600.0,844800.0,1388800.0,336000.0,453600.0,1396800.0,1080800.0,509600.0,Cash,25232000,11651467.0,13580533.0,0.4617734226379201,62.63,Stabil,0,Mahasiswa Mapan & Hemat
237,18,Non-binary,Senior,Psychology,9536000,5056000,2930133.0,2721600.0,1724800.0,259200.0,806400.0,715200.0,257600.0,2001600.0,750400.0,117600.0,Credit/Debit Card,14592000,12284533.0,2307467.0,0.8418676672149122,23.45,Bahaya,1,Mahasiswa Boros / Defisit
238,25,Male,Sophomore,Economics,13696000,1632000,1945067.0,2400000.0,1909600.0,590400.0,1267200.0,408000.0,408800.0,1497600.0,324800.0,117600.0,Mobile Payment App,15328000,10869067.0,4458933.0,0.7090988387265136,37.47,Bahaya,1,Mahasiswa Boros / Defisit
239,25,Male,Senior,Computer Science,14176000,2288000,1860800.0,3244800.0,1226400.0,292800.0,1267200.0,475200.0,532000.0,1281600.0,257600.0,1052800.0,Mobile Payment App,16464000,11491200.0,4972800.0,0.6979591836734694,37.5,Bahaya,1,Mahasiswa Boros / Defisit
240,24,Female,Sophomore,Psychology,19280000,11440000,3083200.0,2054400.0,1937600.0,912000.0,505600.0,177600.0,156800.0,410400.0,1019200.0,744800.0,Mobile Payment App,30720000,11001600.0,19718400.0,0.358125,69.05,Sangat Sehat,0,Mahasiswa Mapan & Hemat
241,21,Non-binary,Freshman,Biology,21648000,7104000,2316267.0,2985600.0,1909600.0,950400.0,972800.0,508800.0,246400.0,1699200.0,336000.0,957600.0,Cash,28752000,12882667.0,15869333.0,0.4480615957150807,65.69,Stabil,0,Mahasiswa Mapan & Hemat
242,22,Male,Junior,Computer Science,20288000,14176000,2645333.0,4401600.0,560000.0,254400.0,652800.0,470400.0,369600.0,1641600.0,694400.0,985600.0,Cash,34464000,12675733.0,21788267.0,0.36779633820798513,67.63,Sangat Sehat,0,Mahasiswa Mapan & Hemat
243,23,Non-binary,Sophomore,Psychology,17792000,80000,2065600.0,3537600.0,1052800.0,484800.0,1702400.0,220800.0,425600.0,525600.0,1064000.0,890400.0,Cash,17872000,11969600.0,5902400.0,0.6697403760071621,40.72,Bahaya,1,Mahasiswa Boros / Defisit
244,20,Female,Junior,Engineering,19296000,10224000,2779200.0,3456000.0,2032800.0,316800.0,768000.0,643200.0,476000.0,1094400.0,291200.0,168000.0,Cash,29520000,12025600.0,17494400.0,0.4073712737127371,68.19,Sangat Sehat,0,Mahasiswa Mapan & Hemat
245,24,Male,Junior,Biology,18544000,7440000,1681600.0,4276800.0,1265600.0,264000.0,608000.0,220800.0,324800.0,2044800.0,229600.0,492800.0,Mobile Payment App,25984000,11408800.0,14575200.0,0.439070197044335,67.71,Sangat Sehat,0,Mahasiswa Mapan & Hemat
246,19,Non-binary,Sophomore,Biology,20000000,1808000,2591467.0,2500800.0,1708000.0,441600.0,851200.0,369600.0,515200.0,496800.0,604800.0,649600.0,Mobile Payment App,21808000,10729067.0,11078933.0,0.4919784941305943,63.32,Stabil,0,Mahasiswa Mapan & Hemat
247,20,Non-binary,Freshman,Computer Science,17920000,5232000,2938133.0,3216000.0,672000.0,624000.0,1139200.0,249600.0,397600.0,1922400.0,212800.0,352800.0,Mobile Payment App,23152000,11724533.0,11427467.0,0.5064155580511402,60.53,Waspada,0,Mahasiswa Mapan & Hemat
248,24,Non-binary,Senior,Computer Science,20432000,8320000,2509867.0,2582400.0,2094400.0,878400.0,1555200.0,384000.0,414400.0,1771200.0,851200.0,257600.0,Cash,28752000,13298667.0,15453333.0,0.46253015442404005,64.03,Stabil,0,Mahasiswa Mapan & Hemat
249,19,Male,Freshman,Psychology,23072000,7408000,2818133.0,2577600.0,1719200.0,753600.0,723200.0,288000.0,218400.0,1879200.0,996800.0,644000.0,Mobile Payment App,30480000,12618133.0,17861867.0,0.4139807414698163,65.45,Stabil,0,Mahasiswa Mapan & Hemat
250,24,Non-binary,Junior,Biology,12416000,256000,2321600.0,2208000.0,2004800.0,456000.0,1401600.0,129600.0,341600.0,1281600.0,968800.0,940800.0,Cash,12672000,12054400.0,617600.0,0.9512626262626263,15.11,Bahaya,1,Mahasiswa Boros / Defisit
251,21,Female,Sophomore,Biology,12800000,4976000,1941867.0,2102400.0,1853600.0,288000.0,800000.0,105600.0,229600.0,1821600.0,252000.0,436800.0,Mobile Payment App,17776000,9831467.0,7944533.0,0.5530753262826282,55.07,Waspada,0,Mahasiswa Mapan & Hemat
252,18,Female,Junior,Computer Science,17248000,14560000,2888533.0,2433600.0,1299200.0,840000.0,409600.0,619200.0,308000.0,979200.0,873600.0,291200.0,Credit/Debit Card,31808000,10942133.0,20865867.0,0.3440056903923541,68.78,Sangat Sehat,0,Mahasiswa Mapan & Hemat
253,20,Male,Junior,Computer Science,22464000,11952000,2090667.0,3648000.0,1327200.0,499200.0,780800.0,134400.0,459200.0,828000.0,420000.0,313600.0,Mobile Payment App,34416000,10501067.0,23914933.0,0.30512165853091583,73.43,Sangat Sehat,0,Mahasiswa Mapan & Hemat
254,21,Non-binary,Junior,Psychology,17552000,1120000,2269333.0,2145600.0,565600.0,600000.0,1708800.0,571200.0,324800.0,547200.0,207200.0,526400.0,Credit/Debit Card,18672000,9466133.0,9205867.0,0.5069694194515852,59.39,Waspada,0,Mahasiswa Mapan & Hemat
255,22,Non-binary,Freshman,Biology,13360000,3904000,1652267.0,4003200.0,2128000.0,456000.0,1555200.0,187200.0,285600.0,1281600.0,565600.0,616000.0,Credit/Debit Card,17264000,12730667.0,4533333.0,0.737411202502317,36.71,Bahaya,1,Mahasiswa Boros / Defisit
256,18,Non-binary,Senior,Economics,12080000,12112000,1717867.0,3936000.0,1685600.0,604800.0,1478400.0,369600.0,397600.0,2044800.0,554400.0,621600.0,Credit/Debit Card,24192000,13410667.0,10781333.0,0.5543430472883598,55.87,Waspada,0,Mahasiswa Mapan & Hemat
257,19,Male,Freshman,Engineering,17392000,2128000,2757333.0,4185600.0,744800.0,412800.0,1132800.0,350400.0,352800.0,1425600.0,935200.0,179200.0,Credit/Debit Card,19520000,12476533.0,7043467.0,0.6391666495901639,44.22,Bahaya,1,Mahasiswa Boros / Defisit
258,23,Male,Sophomore,Computer Science,14896000,15200000,1606400.0,3052800.0,1842400.0,897600.0,614400.0,676800.0,537600.0,1771200.0,1080800.0,677600.0,Cash,30096000,12757600.0,17338400.0,0.4238968633705476,66.67,Sangat Sehat,0,Mahasiswa Mapan & Hemat
259,20,Female,Sophomore,Psychology,15728000,5136000,2619733.0,3652800.0,1960000.0,849600.0,1638400.0,292800.0,408800.0,1483200.0,352800.0,1002400.0,Credit/Debit Card,20864000,14260533.0,6603467.0,0.6834994727760736,40.15,Bahaya,1,Mahasiswa Boros / Defisit
260,21,Non-binary,Sophomore,Engineering,10224000,13664000,2218667.0,3244800.0,974400.0,513600.0,1331200.0,340800.0,268800.0,1663200.0,1075200.0,946400.0,Mobile Payment App,23888000,12577067.0,11310933.0,0.5265014651707971,57.21,Waspada,0,Mahasiswa Mapan & Hemat
261,20,Male,Junior,Engineering,8432000,7008000,2256533.0,4612800.0,1187200.0,288000.0,1836800.0,273600.0,173600.0,576000.0,907200.0,224000.0,Mobile Payment App,15440000,12335733.0,3104267.0,0.7989464378238342,30.4,Bahaya,1,Mahasiswa Boros / Defisit
262,24,Male,Junior,Computer Science,11904000,10656000,2629333.0,4094400.0,750400.0,552000.0,1260800.0,513600.0,408800.0,1843200.0,655200.0,190400.0,Mobile Payment App,22560000,12898133.0,9661867.0,0.5717257535460993,52.16,Waspada,1,Mahasiswa Boros / Defisit
263,21,Male,Freshman,Economics,17888000,5872000,2037867.0,4588800.0,1607200.0,537600.0,1708800.0,312000.0,515200.0,1058400.0,834400.0,280000.0,Mobile Payment App,23760000,13480267.0,10279733.0,0.5673513047138047,55.17,Waspada,0,Mahasiswa Mapan & Hemat
264,22,Male,Senior,Engineering,20416000,9696000,2031467.0,4656000.0,694400.0,465600.0,1734400.0,460800.0,453600.0,792000.0,761600.0,235200.0,Credit/Debit Card,30112000,12285067.0,17826933.0,0.40797911131774706,67.88,Sangat Sehat,0,Mahasiswa Mapan & Hemat
265,25,Female,Junior,Engineering,14080000,13808000,2544533.0,4334400.0,1629600.0,480000.0,1868800.0,518400.0,308000.0,1562400.0,918400.0,285600.0,Cash,27888000,14450133.0,13437867.0,0.5181487736660929,60.55,Waspada,0,Mahasiswa Mapan & Hemat
266,23,Male,Freshman,Engineering,22784000,14192000,2477333.0,4099200.0,784000.0,696000.0,998400.0,168000.0,201600.0,360000.0,638400.0,856800.0,Mobile Payment App,36976000,11279733.0,25696267.0,0.30505552250108176,72.64,Sangat Sehat,0,Mahasiswa Mapan & Hemat
267,22,Female,Senior,Psychology,20416000,8000000,1902933.0,3768000.0,1892800.0,691200.0,1907200.0,436800.0,358400.0,1245600.0,548800.0,610400.0,Mobile Payment App,28416000,13362133.0,15053867.0,0.4702327210022523,65.45,Stabil,0,Mahasiswa Mapan & Hemat
268,19,Non-binary,Junior,Computer Science,11152000,15088000,3177600.0,3955200.0,1534400.0,960000.0,569600.0,268800.0,173600.0,1929600.0,980000.0,537600.0,Mobile Payment App,26240000,14086400.0,12153600.0,0.536829268292683,58.15,Waspada,0,Mahasiswa Mapan & Hemat
269,23,Non-binary,Senior,Computer Science,22064000,8000000,1954667.0,4540800.0,638400.0,686400.0,1350400.0,441600.0,112000.0,597600.0,632800.0,616000.0,Mobile Payment App,30064000,11570667.0,18493333.0,0.3848678485896754,69.81,Sangat Sehat,0,Mahasiswa Mapan & Hemat
270,20,Female,Freshman,Computer Science,23456000,15632000,2880000.0,3350400.0,1584800.0,648000.0,371200.0,648000.0,537600.0,1231200.0,168000.0,476000.0,Credit/Debit Card,39088000,11895200.0,27192800.0,0.3043184609087188,71.91,Sangat Sehat,0,Mahasiswa Mapan & Hemat
271,24,Male,Junior,Biology,18016000,10384000,1901333.0,2318400.0,1450400.0,302400.0,339200.0,273600.0,240800.0,468000.0,224000.0,481600.0,Cash,28400000,7999733.0,20400267.0,0.2816807394366197,74.0,Sangat Sehat,0,Mahasiswa Mapan & Hemat
272,23,Non-binary,Senior,Biology,18016000,144000,2952000.0,4800000.0,1153600.0,648000.0,537600.0,336000.0,532000.0,2124000.0,672000.0,408800.0,Cash,18160000,14164000.0,3996000.0,0.7799559471365639,31.25,Bahaya,1,Mahasiswa Boros / Defisit
273,21,Non-binary,Senior,Biology,9888000,14656000,2641067.0,2203200.0,1075200.0,696000.0,1292800.0,412800.0,453600.0,878400.0,840000.0,632800.0,Cash,24544000,11125867.0,13418133.0,0.4533029253585398,62.58,Stabil,0,Mahasiswa Mapan & Hemat
274,22,Non-binary,Junior,Biology,12560000,4848000,1864000.0,1953600.0,1372000.0,307200.0,588800.0,225600.0,459200.0,676800.0,582400.0,1030400.0,Mobile Payment App,17408000,9060000.0,8348000.0,0.5204503676470589,58.85,Waspada,0,Mahasiswa Mapan & Hemat
275,18,Non-binary,Senior,Computer Science,12320000,8864000,1885333.0,2246400.0,957600.0,499200.0,595200.0,360000.0,123200.0,532800.0,1069600.0,1019200.0,Cash,21184000,9288533.0,11895467.0,0.4384692692598187,64.42,Stabil,0,Mahasiswa Mapan & Hemat
276,25,Non-binary,Sophomore,Psychology,22896000,13696000,2781867.0,2534400.0,2111200.0,744000.0,1222400.0,715200.0,313600.0,842400.0,694400.0,968800.0,Credit/Debit Card,36592000,12928267.0,23663733.0,0.3533085647135986,68.37,Sangat Sehat,0,Mahasiswa Mapan & Hemat
277,18,Female,Freshman,Biology,21408000,7856000,2109333.0,3748800.0,560000.0,667200.0,1120000.0,619200.0,134400.0,1202400.0,834400.0,767200.0,Credit/Debit Card,29264000,11762933.0,17501067.0,0.40195916484417715,66.61,Stabil,0,Mahasiswa Mapan & Hemat
278,25,Female,Sophomore,Psychology,17936000,12704000,1875733.0,1953600.0,2032800.0,484800.0,1088000.0,288000.0,168000.0,1209600.0,565600.0,694400.0,Mobile Payment App,30640000,10360533.0,20279467.0,0.3381375,69.42,Sangat Sehat,0,Mahasiswa Mapan & Hemat
279,24,Female,Freshman,Engineering,19920000,10800000,3110933.0,4531200.0,1092000.0,513600.0,563200.0,379200.0,532000.0,1195200.0,1114400.0,683200.0,Credit/Debit Card,30720000,13714933.0,17005067.0,0.4464496419270833,65.57,Stabil,0,Mahasiswa Mapan & Hemat
280,20,Female,Senior,Computer Science,11968000,3568000,1782933.0,4411200.0,560000.0,681600.0,1702400.0,369600.0,336000.0,741600.0,1114400.0,487200.0,Mobile Payment App,15536000,12186933.0,3349067.0,0.7844318357363542,30.78,Bahaya,1,Mahasiswa Boros / Defisit
281,20,Female,Junior,Biology,22224000,7632000,1925333.0,3892800.0,851200.0,436800.0,1497600.0,393600.0,184800.0,1231200.0,537600.0,173600.0,Credit/Debit Card,29856000,11124533.0,18731467.0,0.372606276795284,69.07,Sangat Sehat,0,Mahasiswa Mapan & Hemat
282,19,Female,Junior,Engineering,17952000,12640000,3183467.0,4032000.0,2044000.0,499200.0,857600.0,307200.0,548800.0,1447200.0,319200.0,940800.0,Credit/Debit Card,30592000,14179467.0,16412533.0,0.4635024516213389,65.37,Stabil,0,Mahasiswa Mapan & Hemat
283,23,Male,Senior,Psychology,17808000,15280000,2909867.0,3710400.0,1954400.0,854400.0,505600.0,648000.0,436800.0,1440000.0,756000.0,711200.0,Cash,33088000,13926667.0,19161333.0,0.42089781794003867,67.21,Sangat Sehat,0,Mahasiswa Mapan & Hemat
284,20,Female,Sophomore,Economics,14064000,8752000,2696000.0,1953600.0,946400.0,504000.0,1792000.0,432000.0,347200.0,1713600.0,459200.0,963200.0,Cash,22816000,11807200.0,11008800.0,0.5174964936886396,55.92,Waspada,0,Mahasiswa Mapan & Hemat
285,18,Non-binary,Freshman,Economics,23824000,3232000,2512000.0,4420800.0,565600.0,897600.0,780800.0,624000.0,212800.0,1771200.0,537600.0,1080800.0,Mobile Payment App,27056000,13403200.0,13652800.0,0.4953873447664104,63.35,Stabil,0,Mahasiswa Mapan & Hemat
286,22,Female,Freshman,Biology,13904000,1360000,3128533.0,3619200.0,2122400.0,609600.0,1369600.0,532800.0,358400.0,1987200.0,207200.0,588000.0,Cash,15264000,14522933.0,741067.0,0.9514500131027254,16.59,Bahaya,1,Mahasiswa Boros / Defisit
287,23,Male,Junior,Psychology,22096000,8320000,2701867.0,2995200.0,1993600.0,312000.0,620800.0,264000.0,470400.0,763200.0,364000.0,285600.0,Mobile Payment App,30416000,10770667.0,19645333.0,0.3541118819042609,70.6,Sangat Sehat,0,Mahasiswa Mapan & Hemat
288,21,Non-binary,Sophomore,Biology,21200000,11760000,2139733.0,4224000.0,1512000.0,960000.0,1472000.0,580800.0,543200.0,1785600.0,571200.0,879200.0,Cash,32960000,14667733.0,18292267.0,0.4450161711165049,65.89,Stabil,0,Mahasiswa Mapan & Hemat
289,20,Male,Senior,Psychology,9296000,7872000,1976000.0,2150400.0,1780800.0,547200.0,1190400.0,619200.0,476000.0,1548000.0,1052800.0,560000.0,Cash,17168000,11900800.0,5267200.0,0.6931966449207828,36.84,Bahaya,1,Mahasiswa Boros / Defisit
290,22,Non-binary,Senior,Engineering,11104000,3920000,2208000.0,3321600.0,2228800.0,441600.0,1376000.0,120000.0,515200.0,1778400.0,756000.0,156800.0,Mobile Payment App,15024000,12902400.0,2121600.0,0.8587859424920128,24.51,Bahaya,1,Mahasiswa Boros / Defisit
291,24,Female,Sophomore,Economics,9840000,9008000,1807467.0,1934400.0,1120000.0,523200.0,403200.0,696000.0,442400.0,1677600.0,358400.0,856800.0,Mobile Payment App,18848000,9819467.0,9028533.0,0.5209819078947369,57.67,Waspada,0,Mahasiswa Mapan & Hemat
292,25,Female,Sophomore,Economics,22304000,8304000,2665600.0,4219200.0,1243200.0,403200.0,902400.0,100800.0,375200.0,691200.0,565600.0,621600.0,Credit/Debit Card,30608000,11788000.0,18820000.0,0.38512807109252484,69.52,Sangat Sehat,0,Mahasiswa Mapan & Hemat
293,25,Female,Freshman,Biology,12800000,3568000,3129067.0,3974400.0,1668800.0,451200.0,1062400.0,609600.0,453600.0,1648800.0,268800.0,397600.0,Credit/Debit Card,16368000,13664267.0,2703733.0,0.8348159213098729,25.92,Bahaya,1,Mahasiswa Boros / Defisit
294,20,Male,Senior,Psychology,14608000,10144000,1888533.0,3206400.0,2100000.0,897600.0,1094400.0,336000.0,509600.0,648000.0,744800.0,1120000.0,Cash,24752000,12545333.0,12206667.0,0.5068411845507433,63.75,Stabil,0,Mahasiswa Mapan & Hemat
295,19,Male,Sophomore,Psychology,19888000,14112000,2970667.0,2755200.0,593600.0,912000.0,467200.0,408000.0,543200.0,1900800.0,526400.0,459200.0,Mobile Payment App,34000000,11536267.0,22463733.0,0.3393019705882353,67.51,Sangat Sehat,0,Mahasiswa Mapan & Hemat
296,20,Female,Sophomore,Economics,10480000,10960000,1661333.0,2308800.0,1512000.0,753600.0,851200.0,465600.0,123200.0,806400.0,448000.0,548800.0,Credit/Debit Card,21440000,9478933.0,11961067.0,0.44211441231343285,66.79,Sangat Sehat,0,Mahasiswa Mapan & Hemat
297,18,Male,Freshman,Biology,10672000,10352000,2473067.0,4348800.0,1260000.0,590400.0,1305600.0,388800.0,201600.0,640800.0,184800.0,767200.0,Credit/Debit Card,21024000,12161067.0,8862933.0,0.578437357305936,54.02,Waspada,1,Mahasiswa Boros / Defisit
298,24,Non-binary,Senior,Economics,23328000,112000,2742933.0,2424000.0,1842400.0,672000.0,1696000.0,662400.0,364000.0,583200.0,274400.0,1108800.0,Credit/Debit Card,23440000,12370133.0,11069867.0,0.5277360494880546,57.71,Waspada,0,Mahasiswa Mapan & Hemat
299,22,Non-binary,Sophomore,Biology,14800000,5600000,2370667.0,2539200.0,1271200.0,244800.0,1107200.0,633600.0,134400.0,417600.0,1024800.0,414400.0,Mobile Payment App,20400000,10157867.0,10242133.0,0.4979346568627451,62.06,Waspada,0,Mahasiswa Mapan & Hemat
300,21,Non-binary,Senior,Economics,17680000,560000,2194133.0,2001600.0,1724800.0,854400.0,972800.0,681600.0,504000.0,2059200.0,470400.0,778400.0,Credit/Debit Card,18240000,12241333.0,5998667.0,0.6711257127192982,39.08,Bahaya,1,Mahasiswa Boros / Defisit
301,18,Male,Junior,Biology,11792000,7840000,2945067.0,3638400.0,756000.0,768000.0,672000.0,312000.0,448000.0,2023200.0,828800.0,627200.0,Cash,19632000,13018667.0,6613333.0,0.6631350346373268,40.61,Bahaya,1,Mahasiswa Boros / Defisit
302,25,Female,Freshman,Computer Science,23920000,14272000,2946667.0,3681600.0,1019200.0,465600.0,1363200.0,648000.0,168000.0,1411200.0,302400.0,117600.0,Mobile Payment App,38192000,12123467.0,26068533.0,0.3174347245496439,70.09,Sangat Sehat,0,Mahasiswa Mapan & Hemat
303,20,Male,Senior,Economics,20768000,15536000,2667733.0,3441600.0,1394400.0,302400.0,1369600.0,345600.0,224000.0,1584000.0,448000.0,145600.0,Mobile Payment App,36304000,11922933.0,24381067.0,0.3284192650947554,69.79,Sangat Sehat,0,Mahasiswa Mapan & Hemat
304,21,Male,Sophomore,Psychology,20352000,12544000,1977600.0,3888000.0,2038400.0,432000.0,761600.0,153600.0,375200.0,655200.0,817600.0,840000.0,Credit/Debit Card,32896000,11939200.0,20956800.0,0.36293774319066147,71.46,Sangat Sehat,0,Mahasiswa Mapan & Hemat
305,19,Female,Senior,Biology,8176000,13200000,2870933.0,4401600.0,1125600.0,729600.0,748800.0,705600.0,235200.0,1756800.0,420000.0,705600.0,Credit/Debit Card,21376000,13699733.0,7676267.0,0.6408931979790419,44.88,Bahaya,1,Mahasiswa Boros / Defisit
306,21,Female,Sophomore,Engineering,18576000,9056000,2761600.0,3134400.0,2133600.0,744000.0,1363200.0,556800.0,252000.0,1497600.0,778400.0,974400.0,Credit/Debit Card,27632000,14196000.0,13436000.0,0.5137521713954835,60.55,Waspada,0,Mahasiswa Mapan & Hemat
307,21,Male,Senior,Psychology,17792000,15088000,3110400.0,4228800.0,1635200.0,446400.0,1843200.0,648000.0,459200.0,482400.0,571200.0,879200.0,Mobile Payment App,32880000,14304000.0,18576000.0,0.43503649635036495,65.83,Stabil,0,Mahasiswa Mapan & Hemat
308,25,Male,Junior,Economics,15328000,7216000,3172800.0,3144000.0,912800.0,374400.0,614400.0,720000.0,302400.0,561600.0,425600.0,985600.0,Cash,22544000,11213600.0,11330400.0,0.4974095102909865,61.96,Waspada,0,Mahasiswa Mapan & Hemat
309,25,Non-binary,Junior,Engineering,18816000,2976000,2156800.0,2952000.0,1786400.0,446400.0,691200.0,220800.0,537600.0,1324800.0,341600.0,207200.0,Credit/Debit Card,21792000,10664800.0,11127200.0,0.4893906020558003,65.01,Stabil,0,Mahasiswa Mapan & Hemat
310,20,Non-binary,Senior,Engineering,11632000,7216000,1773333.0,2736000.0,1416800.0,364800.0,627200.0,264000.0,274400.0,1648800.0,537600.0,543200.0,Cash,18848000,10186133.0,8661867.0,0.5404357491511036,57.2,Waspada,0,Mahasiswa Mapan & Hemat
311,25,Non-binary,Senior,Biology,23728000,13216000,1625600.0,3518400.0,761600.0,494400.0,1779200.0,547200.0,123200.0,2030400.0,616000.0,336000.0,Credit/Debit Card,36944000,11832000.0,25112000.0,0.32026851450844523,69.29,Sangat Sehat,0,Mahasiswa Mapan & Hemat
312,24,Male,Junior,Computer Science,14096000,1552000,2604800.0,4113600.0,1904000.0,796800.0,940800.0,163200.0,179200.0,2145600.0,644000.0,212800.0,Credit/Debit Card,15648000,13704800.0,1943200.0,0.8758179959100204,24.14,Bahaya,1,Mahasiswa Boros / Defisit
313,21,Male,Freshman,Engineering,21552000,10144000,3075200.0,2697600.0,2228800.0,643200.0,1420800.0,206400.0,313600.0,777600.0,907200.0,190400.0,Mobile Payment App,31696000,12460800.0,19235200.0,0.39313478041393235,67.68,Sangat Sehat,0,Mahasiswa Mapan & Hemat
314,22,Female,Freshman,Psychology,11600000,2112000,2387733.0,3945600.0,840000.0,292800.0,1228800.0,638400.0,498400.0,1468800.0,744800.0,532000.0,Mobile Payment App,13712000,12577333.0,1134667.0,0.9172500729288214,18.13,Bahaya,1,Mahasiswa Boros / Defisit
315,18,Non-binary,Sophomore,Biology,16000000,4320000,2224533.0,4123200.0,1086400.0,667200.0,1574400.0,489600.0,364000.0,669600.0,1036000.0,851200.0,Credit/Debit Card,20320000,13086133.0,7233867.0,0.6440026082677165,44.3,Bahaya,1,Mahasiswa Boros / Defisit
316,24,Female,Sophomore,Engineering,12720000,9280000,2200533.0,2179200.0,1265600.0,633600.0,729600.0,561600.0,403200.0,1137600.0,744800.0,739200.0,Credit/Debit Card,22000000,10594933.0,11405067.0,0.48158786363636363,62.28,Stabil,0,Mahasiswa Mapan & Hemat
317,18,Male,Senior,Economics,13904000,7152000,2113067.0,1996800.0,2066400.0,537600.0,454400.0,211200.0,285600.0,1152000.0,414400.0,240800.0,Mobile Payment App,21056000,9472267.0,11583733.0,0.44986070478723406,66.58,Stabil,0,Mahasiswa Mapan & Hemat
318,24,Female,Freshman,Biology,8688000,2832000,2572267.0,4684800.0,1652000.0,734400.0,550400.0,513600.0,201600.0,1029600.0,660800.0,963200.0,Credit/Debit Card,11520000,13562667.0,-2042667.0,1.17731484375,15.64,Bahaya,1,Mahasiswa Boros / Defisit
319,25,Male,Sophomore,Economics,23520000,6448000,2965867.0,3379200.0,996800.0,499200.0,1107200.0,172800.0,280000.0,583200.0,784000.0,638400.0,Credit/Debit Card,29968000,11406667.0,18561333.0,0.38062823678590496,67.6,Sangat Sehat,0,Mahasiswa Mapan & Hemat
320,19,Female,Freshman,Economics,11744000,13408000,2368533.0,2097600.0,1036000.0,379200.0,339200.0,619200.0,117600.0,1072800.0,672000.0,296800.0,Cash,25152000,8998933.0,16153067.0,0.3577820054071247,67.4,Sangat Sehat,0,Mahasiswa Mapan & Hemat
321,20,Female,Freshman,Computer Science,10704000,10208000,3162133.0,2822400.0,1624000.0,844800.0,1395200.0,355200.0,128800.0,1432800.0,364000.0,834400.0,Mobile Payment App,20912000,12963733.0,7948267.0,0.6199183722264728,45.84,Waspada,1,Mahasiswa Boros / Defisit
322,19,Female,Junior,Psychology,21376000,6672000,2417600.0,3883200.0,1500800.0,628800.0,1516800.0,460800.0,492800.0,2080800.0,632800.0,672000.0,Cash,28048000,14286400.0,13761600.0,0.5093553907586994,61.15,Waspada,0,Mahasiswa Mapan & Hemat
323,21,Female,Sophomore,Economics,22976000,6960000,2887467.0,3590400.0,1534400.0,427200.0,1408000.0,163200.0,442400.0,1735200.0,660800.0,632800.0,Mobile Payment App,29936000,13481867.0,16454133.0,0.45035632683057186,64.34,Stabil,0,Mahasiswa Mapan & Hemat
324,21,Non-binary,Freshman,Engineering,21424000,12432000,2822400.0,2443200.0,1372000.0,542400.0,448000.0,484800.0,263200.0,2138400.0,873600.0,229600.0,Mobile Payment App,33856000,11617600.0,22238400.0,0.34314744801512287,67.53,Sangat Sehat,0,Mahasiswa Mapan & Hemat
325,18,Female,Freshman,Biology,9744000,3216000,2387733.0,4464000.0,1456000.0,854400.0,1740800.0,470400.0,464800.0,993600.0,722400.0,291200.0,Credit/Debit Card,12960000,13845333.0,-885333.0,1.0683127314814815,14.68,Bahaya,1,Mahasiswa Boros / Defisit
326,21,Non-binary,Sophomore,Economics,16576000,2704000,2443733.0,2044800.0,1153600.0,907200.0,1516800.0,672000.0,392000.0,424800.0,588000.0,688800.0,Mobile Payment App,19280000,10831733.0,8448267.0,0.561811877593361,52.3,Waspada,0,Mahasiswa Mapan & Hemat
327,25,Female,Senior,Engineering,20944000,13440000,2973333.0,4430400.0,1439200.0,552000.0,1683200.0,374400.0,112000.0,1699200.0,218400.0,436800.0,Mobile Payment App,34384000,13918933.0,20465067.0,0.40480842833876224,67.65,Sangat Sehat,0,Mahasiswa Mapan & Hemat
328,25,Male,Sophomore,Engineering,23536000,8336000,2340267.0,2419200.0,1909600.0,542400.0,486400.0,163200.0,375200.0,1555200.0,436800.0,201600.0,Cash,31872000,10429867.0,21442133.0,0.327242313002008,70.92,Sangat Sehat,0,Mahasiswa Mapan & Hemat
329,19,Male,Freshman,Engineering,10528000,7792000,1908800.0,3384000.0,1635200.0,825600.0,1267200.0,96000.0,280000.0,1504800.0,380800.0,117600.0,Mobile Payment App,18320000,11400000.0,6920000.0,0.6222707423580786,48.7,Waspada,1,Mahasiswa Boros / Defisit
330,19,Male,Junior,Engineering,10944000,11648000,2883733.0,4574400.0,907200.0,513600.0,748800.0,307200.0,302400.0,1872000.0,929600.0,940800.0,Mobile Payment App,22592000,13979733.0,8612267.0,0.6187912978045326,46.6,Waspada,1,Mahasiswa Boros / Defisit
331,20,Male,Sophomore,Computer Science,14512000,7488000,1790933.0,4209600.0,851200.0,816000.0,403200.0,211200.0,263200.0,1267200.0,884800.0,1047200.0,Credit/Debit Card,22000000,11744533.0,10255467.0,0.5338424090909091,59.85,Waspada,0,Mahasiswa Mapan & Hemat
332,18,Male,Freshman,Computer Science,13536000,10736000,2574400.0,4454400.0,1433600.0,292800.0,729600.0,100800.0,431200.0,1152000.0,744800.0,800800.0,Mobile Payment App,24272000,12714400.0,11557600.0,0.523829927488464,60.9,Waspada,0,Mahasiswa Mapan & Hemat
333,18,Female,Sophomore,Biology,18800000,15408000,2912533.0,2390400.0,1220800.0,388800.0,1164800.0,124800.0,336000.0,2131200.0,800800.0,134400.0,Cash,34208000,11604533.0,22603467.0,0.3392344773152479,66.77,Sangat Sehat,0,Mahasiswa Mapan & Hemat
334,25,Male,Freshman,Biology,10544000,14288000,3113067.0,4161600.0,795200.0,369600.0,1043200.0,504000.0,442400.0,1324800.0,929600.0,784000.0,Credit/Debit Card,24832000,13467467.0,11364533.0,0.5423432264819588,55.49,Waspada,0,Mahasiswa Mapan & Hemat
335,18,Non-binary,Sophomore,Economics,23808000,7872000,2765333.0,2160000.0,851200.0,576000.0,1395200.0,436800.0,453600.0,1850400.0,280000.0,218400.0,Cash,31680000,10986933.0,20693067.0,0.34680975378787876,65.92,Stabil,0,Mahasiswa Mapan & Hemat
336,22,Female,Senior,Psychology,19040000,3104000,2723733.0,2318400.0,1674400.0,859200.0,1107200.0,144000.0,380800.0,1036800.0,952000.0,666400.0,Cash,22144000,11862933.0,10281067.0,0.5357177113439306,56.84,Waspada,0,Mahasiswa Mapan & Hemat
337,19,Female,Junior,Psychology,11872000,8688000,2820267.0,3705600.0,700000.0,777600.0,787200.0,604800.0,285600.0,676800.0,632800.0,397600.0,Credit/Debit Card,20560000,11388267.0,9171733.0,0.5539040369649806,55.66,Waspada,0,Mahasiswa Mapan & Hemat
338,23,Non-binary,Freshman,Psychology,14624000,10608000,1741333.0,3883200.0,980000.0,288000.0,800000.0,100800.0,453600.0,972000.0,1086400.0,862400.0,Credit/Debit Card,25232000,11167733.0,14064267.0,0.4426019736842105,66.13,Stabil,0,Mahasiswa Mapan & Hemat
339,19,Male,Freshman,Biology,23760000,848000,1951467.0,3124800.0,1237600.0,950400.0,793600.0,676800.0,476000.0,2109600.0,319200.0,957600.0,Cash,24608000,12597067.0,12010933.0,0.5119094197009103,60.78,Waspada,0,Mahasiswa Mapan & Hemat
340,20,Female,Junior,Biology,9312000,10848000,2234667.0,3465600.0,627200.0,902400.0,620800.0,638400.0,369600.0,496800.0,733600.0,823200.0,Credit/Debit Card,20160000,10912267.0,9247733.0,0.5412830853174603,57.51,Waspada,0,Mahasiswa Mapan & Hemat
341,19,Non-binary,Junior,Engineering,23488000,6640000,2540800.0,2942400.0,644000.0,753600.0,774400.0,148800.0,492800.0,554400.0,313600.0,655200.0,Credit/Debit Card,30128000,9820000.0,20308000.0,0.3259426447158789,70.22,Sangat Sehat,0,Mahasiswa Mapan & Hemat
342,25,Female,Sophomore,Computer Science,16336000,1488000,2002667.0,2457600.0,582400.0,902400.0,934400.0,494400.0,352800.0,1317600.0,716800.0,190400.0,Cash,17824000,9951467.0,7872533.0,0.5583183909335727,53.28,Waspada,0,Mahasiswa Mapan & Hemat
343,24,Male,Freshman,Computer Science,12160000,4496000,2521067.0,3945600.0,2206400.0,422400.0,1222400.0,240000.0,268800.0,1152000.0,1052800.0,453600.0,Mobile Payment App,16656000,13485067.0,3170933.0,0.8096221781940441,29.3,Bahaya,1,Mahasiswa Boros / Defisit
344,24,Non-binary,Freshman,Economics,15504000,5936000,2011200.0,4267200.0,1881600.0,283200.0,1907200.0,168000.0,498400.0,1447200.0,414400.0,420000.0,Cash,21440000,13298400.0,8141600.0,0.6202611940298507,48.07,Waspada,1,Mahasiswa Boros / Defisit
345,23,Female,Senior,Biology,15840000,6896000,2051200.0,2851200.0,1848000.0,427200.0,729600.0,259200.0,403200.0,590400.0,739200.0,700000.0,Mobile Payment App,22736000,10599200.0,12136800.0,0.46618578465869104,65.86,Stabil,0,Mahasiswa Mapan & Hemat
346,23,Non-binary,Sophomore,Engineering,20864000,7312000,2261333.0,4214400.0,621600.0,792000.0,550400.0,590400.0,229600.0,864000.0,694400.0,151200.0,Cash,28176000,10969333.0,17206667.0,0.3893147714366837,69.82,Sangat Sehat,0,Mahasiswa Mapan & Hemat
347,23,Male,Sophomore,Biology,12880000,0,2538133.0,1963200.0,1428000.0,484800.0,1824000.0,235200.0,252000.0,640800.0,644000.0,722400.0,Credit/Debit Card,12880000,10732533.0,2147467.0,0.8332711956521739,23.51,Bahaya,1,Mahasiswa Boros / Defisit
348,25,Male,Senior,Engineering,18864000,3568000,2164267.0,4569600.0,1904000.0,566400.0,416000.0,580800.0,285600.0,1252800.0,229600.0,991200.0,Credit/Debit Card,22432000,12960267.0,9471733.0,0.5777579796718972,55.11,Waspada,1,Mahasiswa Boros / Defisit
349,18,Non-binary,Senior,Computer Science,9168000,4784000,1601600.0,4214400.0,1282400.0,628800.0,1004800.0,278400.0,492800.0,381600.0,1019200.0,1064000.0,Mobile Payment App,13952000,11968000.0,1984000.0,0.8577981651376146,26.02,Bahaya,1,Mahasiswa Boros / Defisit
350,25,Female,Senior,Psychology,13488000,64000,2616533.0,4171200.0,1265600.0,940800.0,422400.0,393600.0,548800.0,2080800.0,324800.0,828800.0,Mobile Payment App,13552000,13593333.0,-41333.0,1.0030499557260921,14.08,Bahaya,1,Mahasiswa Boros / Defisit
351,23,Non-binary,Junior,Biology,17360000,12720000,1629867.0,2404800.0,952000.0,652800.0,992000.0,336000.0,257600.0,1382400.0,498400.0,212800.0,Mobile Payment App,30080000,9318667.0,20761333.0,0.30979611037234045,70.52,Sangat Sehat,0,Mahasiswa Mapan & Hemat
352,23,Female,Freshman,Biology,9280000,12336000,2020800.0,3393600.0,1803200.0,816000.0,1561600.0,547200.0,420000.0,568800.0,1052800.0,599200.0,Credit/Debit Card,21616000,12783200.0,8832800.0,0.5913767579570688,51.19,Waspada,1,Mahasiswa Boros / Defisit
353,25,Female,Sophomore,Computer Science,15600000,10080000,2552000.0,3326400.0,1769600.0,849600.0,1683200.0,580800.0,347200.0,1677600.0,834400.0,179200.0,Cash,25680000,13800000.0,11880000.0,0.5373831775700935,57.26,Waspada,0,Mahasiswa Mapan & Hemat
354,23,Male,Senior,Psychology,9632000,9728000,2422400.0,3984000.0,2116800.0,398400.0,1465600.0,628800.0,302400.0,1195200.0,812000.0,896000.0,Credit/Debit Card,19360000,14221600.0,5138400.0,0.7345867768595041,35.17,Bahaya,1,Mahasiswa Boros / Defisit
355,23,Non-binary,Senior,Economics,17648000,13968000,2539200.0,3220800.0,2206400.0,580800.0,1376000.0,537600.0,263200.0,849600.0,666400.0,644000.0,Cash,31616000,12884000.0,18732000.0,0.40751518218623484,67.69,Sangat Sehat,0,Mahasiswa Mapan & Hemat
356,20,Non-binary,Freshman,Psychology,13056000,3728000,2084800.0,4555200.0,761600.0,792000.0,339200.0,283200.0,168000.0,1980000.0,1024800.0,179200.0,Mobile Payment App,16784000,12168000.0,4616000.0,0.724976167778837,37.44,Bahaya,1,Mahasiswa Boros / Defisit
357,24,Male,Freshman,Engineering,16256000,3216000,2689067.0,2908800.0,795200.0,259200.0,1203200.0,508800.0,358400.0,1166400.0,224000.0,470400.0,Cash,19472000,10583467.0,8888533.0,0.543522339769926,54.69,Waspada,0,Mahasiswa Mapan & Hemat
358,23,Non-binary,Junior,Engineering,15504000,5232000,1839467.0,2476800.0,1747200.0,873600.0,1190400.0,120000.0,246400.0,1339200.0,655200.0,918400.0,Cash,20736000,11406667.0,9329333.0,0.5500900366512346,55.94,Waspada,0,Mahasiswa Mapan & Hemat
359,21,Non-binary,Junior,Computer Science,14688000,13296000,3164800.0,4555200.0,2189600.0,388800.0,812800.0,580800.0,358400.0,1980000.0,789600.0,890400.0,Credit/Debit Card,27984000,15710400.0,12273600.0,0.5614065180102916,54.6,Waspada,1,Mahasiswa Boros / Defisit
360,23,Non-binary,Senior,Computer Science,15712000,3312000,2345067.0,3408000.0,890400.0,566400.0,569600.0,523200.0,487200.0,1620000.0,364000.0,386400.0,Mobile Payment App,19024000,11160267.0,7863733.0,0.586641452901598,50.75,Waspada,1,Mahasiswa Boros / Defisit
361,25,Male,Junior,Computer Science,16336000,14592000,3188800.0,3768000.0,1640800.0,412800.0,1459200.0,153600.0,257600.0,972000.0,571200.0,403200.0,Cash,30928000,12827200.0,18100800.0,0.4147439213657527,67.03,Sangat Sehat,0,Mahasiswa Mapan & Hemat
362,22,Female,Sophomore,Psychology,8336000,14144000,3040533.0,4396800.0,1915200.0,840000.0,1414400.0,412800.0,257600.0,410400.0,627200.0,151200.0,Mobile Payment App,22480000,13466133.0,9013867.0,0.599027268683274,52.05,Waspada,1,Mahasiswa Boros / Defisit
363,24,Female,Freshman,Computer Science,23104000,14096000,1984533.0,2198400.0,1506400.0,336000.0,569600.0,345600.0,280000.0,1310400.0,453600.0,728000.0,Mobile Payment App,37200000,9712533.0,27487467.0,0.2610895967741935,72.04,Sangat Sehat,0,Mahasiswa Mapan & Hemat
364,21,Male,Sophomore,Psychology,10336000,7792000,2249600.0,3945600.0,694400.0,355200.0,691200.0,249600.0,543200.0,489600.0,588000.0,268800.0,Credit/Debit Card,18128000,10075200.0,8052800.0,0.5557811120917917,56.62,Waspada,0,Mahasiswa Mapan & Hemat
365,21,Female,Freshman,Economics,20736000,2128000,1988267.0,2227200.0,1187200.0,883200.0,1907200.0,345600.0,296800.0,1425600.0,621600.0,756000.0,Mobile Payment App,22864000,11638667.0,11225333.0,0.5090389695591323,59.65,Waspada,0,Mahasiswa Mapan & Hemat
366,18,Non-binary,Freshman,Economics,21760000,3552000,3071467.0,3888000.0,918400.0,734400.0,492800.0,288000.0,554400.0,1296000.0,991200.0,800800.0,Mobile Payment App,25312000,13035467.0,12276533.0,0.5149915850189634,60.41,Waspada,0,Mahasiswa Mapan & Hemat
367,19,Female,Senior,Biology,17968000,80000,2883733.0,1939200.0,1932000.0,585600.0,1196800.0,350400.0,112000.0,1548000.0,957600.0,1064000.0,Cash,18048000,12569333.0,5478667.0,0.6964391068262411,35.86,Bahaya,1,Mahasiswa Boros / Defisit
368,18,Female,Senior,Psychology,16320000,1184000,3113067.0,2649600.0,688800.0,662400.0,1708800.0,470400.0,352800.0,1922400.0,912800.0,168000.0,Mobile Payment App,17504000,12649067.0,4854933.0,0.7226386540219378,32.1,Bahaya,1,Mahasiswa Boros / Defisit
369,21,Female,Freshman,Computer Science,11776000,10048000,2003733.0,3566400.0,1433600.0,864000.0,1337600.0,441600.0,515200.0,1641600.0,246400.0,341600.0,Credit/Debit Card,21824000,12391733.0,9432267.0,0.5678030150293255,54.32,Waspada,0,Mahasiswa Mapan & Hemat
370,23,Non-binary,Senior,Economics,14896000,5152000,3128000.0,2352000.0,868000.0,700800.0,1120000.0,379200.0,532000.0,813600.0,795200.0,778400.0,Cash,20048000,11467200.0,8580800.0,0.5719872306464485,49.83,Waspada,1,Mahasiswa Boros / Defisit
371,24,Male,Senior,Psychology,23088000,15712000,2030400.0,3907200.0,2038400.0,811200.0,1913600.0,604800.0,112000.0,734400.0,1080800.0,711200.0,Mobile Payment App,38800000,13944000.0,24856000.0,0.3593814432989691,70.16,Sangat Sehat,0,Mahasiswa Mapan & Hemat
372,22,Male,Freshman,Engineering,11680000,5984000,1857600.0,3240000.0,1288000.0,326400.0,1356800.0,595200.0,403200.0,1123200.0,660800.0,1013600.0,Cash,17664000,11864800.0,5799200.0,0.6716938405797102,40.07,Bahaya,1,Mahasiswa Boros / Defisit
373,25,Non-binary,Senior,Economics,8976000,12144000,2255467.0,3748800.0,823200.0,422400.0,921600.0,264000.0,532000.0,820800.0,795200.0,313600.0,Mobile Payment App,21120000,10897067.0,10222933.0,0.5159596117424242,61.26,Waspada,0,Mahasiswa Mapan & Hemat
374,25,Female,Sophomore,Economics,19392000,9856000,3129067.0,3494400.0,2116800.0,312000.0,1017600.0,441600.0,442400.0,2080800.0,196000.0,420000.0,Cash,29248000,13650667.0,15597333.0,0.4667213826586433,64.35,Stabil,0,Mahasiswa Mapan & Hemat
375,25,Non-binary,Freshman,Computer Science,20512000,6656000,3106133.0,2851200.0,1730400.0,580800.0,691200.0,278400.0,509600.0,1684800.0,582400.0,672000.0,Cash,27168000,12686933.0,14481067.0,0.46698074941107187,63.53,Stabil,0,Mahasiswa Mapan & Hemat
376,21,Non-binary,Freshman,Biology,23008000,5824000,2737600.0,2961600.0,2195200.0,609600.0,1593600.0,177600.0,156800.0,1108800.0,952000.0,974400.0,Mobile Payment App,28832000,13467200.0,15364800.0,0.46709211986681465,64.16,Stabil,0,Mahasiswa Mapan & Hemat
377,18,Female,Senior,Psychology,11232000,8496000,2613867.0,2385600.0,1327200.0,720000.0,1907200.0,220800.0,347200.0,1620000.0,688800.0,728000.0,Credit/Debit Card,19728000,12558667.0,7169333.0,0.6365909874290349,42.25,Bahaya,1,Mahasiswa Boros / Defisit
378,20,Male,Senior,Biology,22928000,12224000,2667733.0,2827200.0,2223200.0,244800.0,1843200.0,648000.0,560000.0,511200.0,268800.0,627200.0,Credit/Debit Card,35152000,12421333.0,22730667.0,0.35336063381884386,68.65,Sangat Sehat,0,Mahasiswa Mapan & Hemat
379,25,Female,Freshman,Psychology,23104000,8672000,2496000.0,3979200.0,1159200.0,585600.0,1664000.0,523200.0,207200.0,914400.0,240800.0,386400.0,Cash,31776000,12156000.0,19620000.0,0.38255287009063443,68.82,Sangat Sehat,0,Mahasiswa Mapan & Hemat
380,22,Female,Junior,Psychology,8576000,7744000,3094933.0,1982400.0,1825600.0,499200.0,550400.0,475200.0,386400.0,1418400.0,935200.0,879200.0,Cash,16320000,12046933.0,4273067.0,0.7381699142156862,31.84,Bahaya,1,Mahasiswa Boros / Defisit
381,18,Non-binary,Freshman,Engineering,20160000,1088000,1925333.0,3057600.0,1657600.0,412800.0,556800.0,240000.0,302400.0,1656000.0,1024800.0,767200.0,Credit/Debit Card,21248000,11600533.0,9647467.0,0.5459588196536145,56.37,Waspada,0,Mahasiswa Mapan & Hemat
382,18,Non-binary,Freshman,Biology,11216000,5440000,1725333.0,4651200.0,1887200.0,312000.0,972800.0,542400.0,554400.0,1216800.0,901600.0,890400.0,Cash,16656000,13654133.0,3001867.0,0.8197726344860711,28.86,Bahaya,1,Mahasiswa Boros / Defisit
383,18,Female,Freshman,Engineering,20944000,2304000,1823467.0,3494400.0,957600.0,556800.0,972800.0,513600.0,476000.0,892800.0,425600.0,436800.0,Cash,23248000,10549867.0,12698133.0,0.45379675671025466,66.09,Stabil,0,Mahasiswa Mapan & Hemat
384,18,Non-binary,Sophomore,Economics,13472000,7856000,2443733.0,2270400.0,1131200.0,748800.0,1785600.0,576000.0,453600.0,1944000.0,375200.0,436800.0,Credit/Debit Card,21328000,12165333.0,9162667.0,0.5703925825206302,50.01,Waspada,1,Mahasiswa Boros / Defisit
385,24,Male,Freshman,Computer Science,9872000,13808000,2024000.0,4017600.0,1293600.0,729600.0,1638400.0,196800.0,414400.0,1591200.0,728000.0,593600.0,Credit/Debit Card,23680000,13227200.0,10452800.0,0.5585810810810811,55.07,Waspada,0,Mahasiswa Mapan & Hemat
386,21,Non-binary,Junior,Engineering,18144000,7840000,3127467.0,3427200.0,2072000.0,460800.0,1273600.0,547200.0,459200.0,482400.0,1064000.0,134400.0,Cash,25984000,13048267.0,12935733.0,0.5021654479679803,63.36,Stabil,0,Mahasiswa Mapan & Hemat
387,23,Non-binary,Sophomore,Psychology,15872000,3872000,2245333.0,2376000.0,1047200.0,547200.0,371200.0,633600.0,537600.0,1108800.0,750400.0,1002400.0,Mobile Payment App,19744000,10619733.0,9124267.0,0.5378714039708266,55.48,Waspada,0,Mahasiswa Mapan & Hemat
388,18,Non-binary,Freshman,Economics,22528000,9152000,2277867.0,2289600.0,1792000.0,374400.0,960000.0,720000.0,453600.0,1173600.0,257600.0,134400.0,Mobile Payment App,31680000,10433067.0,21246933.0,0.32932660984848483,69.64,Sangat Sehat,0,Mahasiswa Mapan & Hemat
389,21,Female,Senior,Biology,21888000,15040000,1724800.0,1944000.0,1870400.0,283200.0,729600.0,110400.0,375200.0,972000.0,1064000.0,123200.0,Mobile Payment App,36928000,9196800.0,27731200.0,0.24904679376083189,73.4,Sangat Sehat,0,Mahasiswa Mapan & Hemat
390,22,Male,Senior,Economics,11456000,2512000,2163200.0,3787200.0,2004800.0,892800.0,1382400.0,374400.0,414400.0,1260000.0,946400.0,610400.0,Cash,13968000,13836000.0,132000.0,0.9905498281786942,15.16,Bahaya,1,Mahasiswa Boros / Defisit
391,22,Non-binary,Freshman,Psychology,19584000,9296000,2831467.0,4492800.0,1478400.0,264000.0,1203200.0,604800.0,263200.0,1396800.0,442400.0,145600.0,Credit/Debit Card,28880000,13122667.0,15757333.0,0.4543859764542936,66.08,Stabil,0,Mahasiswa Mapan & Hemat
392,19,Non-binary,Senior,Biology,21584000,12608000,2278933.0,2020800.0,593600.0,768000.0,940800.0,187200.0,498400.0,1692000.0,1019200.0,240800.0,Cash,34192000,10239733.0,23952267.0,0.2994774508656996,67.93,Sangat Sehat,0,Mahasiswa Mapan & Hemat
393,24,Female,Sophomore,Engineering,12832000,8832000,1677867.0,3475200.0,1192800.0,456000.0,864000.0,494400.0,392000.0,1922400.0,302400.0,688800.0,Cash,21664000,11465867.0,10198133.0,0.5292590011078286,58.92,Waspada,0,Mahasiswa Mapan & Hemat
394,18,Female,Senior,Psychology,15568000,5088000,1920000.0,4382400.0,2100000.0,878400.0,1139200.0,585600.0,526400.0,928800.0,369600.0,828800.0,Cash,20656000,13659200.0,6996800.0,0.6612703330751356,45.08,Bahaya,1,Mahasiswa Boros / Defisit
395,19,Female,Senior,Engineering,11776000,10560000,3170667.0,2294400.0,1915200.0,360000.0,1785600.0,206400.0,274400.0,770400.0,526400.0,319200.0,Mobile Payment App,22336000,11622667.0,10713333.0,0.5203557933381089,58.63,Waspada,0,Mahasiswa Mapan & Hemat
396,22,Male,Senior,Engineering,9136000,7968000,2078400.0,3110400.0,1013600.0,268800.0,1760000.0,412800.0,319200.0,2066400.0,442400.0,616000.0,Mobile Payment App,17104000,12088000.0,5016000.0,0.7067352666043031,35.08,Bahaya,1,Mahasiswa Boros / Defisit
397,25,Female,Sophomore,Engineering,13328000,896000,1670933.0,2952000.0,823200.0,432000.0,1286400.0,388800.0,168000.0,1065600.0,235200.0,677600.0,Cash,14224000,9699733.0,4524267.0,0.6819272356580427,39.73,Bahaya,1,Mahasiswa Boros / Defisit
398,22,Female,Freshman,Computer Science,11408000,6112000,2195200.0,2841600.0,1842400.0,576000.0,1721600.0,220800.0,296800.0,1656000.0,319200.0,856800.0,Credit/Debit Card,17520000,12526400.0,4993600.0,0.7149771689497717,35.96,Bahaya,1,Mahasiswa Boros / Defisit
399,20,Male,Junior,Economics,20288000,7600000,3146667.0,3172800.0,1478400.0,753600.0,1651200.0,249600.0,212800.0,1202400.0,974400.0,246400.0,Cash,27888000,13088267.0,14799733.0,0.4693153686173264,63.62,Stabil,0,Mahasiswa Mapan & Hemat
400,19,Non-binary,Freshman,Biology,13104000,9840000,2706667.0,4118400.0,856800.0,960000.0,736000.0,364800.0,504000.0,1000800.0,862400.0,246400.0,Mobile Payment App,22944000,12356267.0,10587733.0,0.5385402283821479,58.57,Waspada,0,Mahasiswa Mapan & Hemat
401,18,Male,Senior,Economics,20288000,5184000,2020267.0,2318400.0,1898400.0,763200.0,768000.0,264000.0,123200.0,1526400.0,968800.0,436800.0,Credit/Debit Card,25472000,11087467.0,14384533.0,0.4352805826005025,66.06,Stabil,0,Mahasiswa Mapan & Hemat
402,18,Female,Senior,Engineering,23776000,11280000,2156267.0,3172800.0,996800.0,307200.0,1766400.0,384000.0,386400.0,1036800.0,644000.0,145600.0,Mobile Payment App,35056000,10996267.0,24059733.0,0.31367717366499315,69.67,Sangat Sehat,0,Mahasiswa Mapan & Hemat
403,24,Male,Freshman,Computer Science,16080000,8576000,2103467.0,3297600.0,1467200.0,710400.0,1280000.0,662400.0,296800.0,1051200.0,1086400.0,448000.0,Cash,24656000,12403467.0,12252533.0,0.5030607965606749,62.76,Stabil,0,Mahasiswa Mapan & Hemat
404,25,Female,Senior,Economics,19280000,13392000,1607467.0,2846400.0,1024800.0,681600.0,716800.0,369600.0,330400.0,1504800.0,812000.0,436800.0,Credit/Debit Card,32672000,10330667.0,22341333.0,0.3161932847698335,70.57,Sangat Sehat,0,Mahasiswa Mapan & Hemat
405,24,Male,Senior,Engineering,21696000,13728000,2739733.0,3585600.0,610400.0,816000.0,979200.0,220800.0,224000.0,943200.0,476000.0,672000.0,Mobile Payment App,35424000,11266933.0,24157067.0,0.3180593100722674,70.62,Sangat Sehat,0,Mahasiswa Mapan & Hemat
406,22,Male,Senior,Engineering,13072000,8880000,3068800.0,3436800.0,2139200.0,648000.0,908800.0,100800.0,162400.0,1353600.0,1024800.0,229600.0,Mobile Payment App,21952000,13072800.0,8879200.0,0.5955174927113702,50.84,Waspada,1,Mahasiswa Boros / Defisit
407,22,Male,Sophomore,Biology,11296000,1200000,2176000.0,4195200.0,778400.0,878400.0,595200.0,196800.0,263200.0,979200.0,918400.0,610400.0,Cash,12496000,11591200.0,904800.0,0.9275928297055057,20.38,Bahaya,1,Mahasiswa Boros / Defisit
408,18,Non-binary,Junior,Economics,17632000,7840000,3121600.0,3211200.0,1288000.0,585600.0,755200.0,196800.0,414400.0,1987200.0,386400.0,784000.0,Cash,25472000,12730400.0,12741600.0,0.49978015075376886,61.99,Waspada,0,Mahasiswa Mapan & Hemat
409,22,Male,Sophomore,Engineering,20464000,14368000,2122667.0,2260800.0,1484000.0,710400.0,492800.0,326400.0,207200.0,950400.0,1075200.0,879200.0,Credit/Debit Card,34832000,10509067.0,24322933.0,0.30170725195222786,70.65,Sangat Sehat,0,Mahasiswa Mapan & Hemat
410,18,Male,Sophomore,Economics,23312000,15968000,2257067.0,4593600.0,2100000.0,667200.0,1068800.0,676800.0,173600.0,1411200.0,196000.0,308000.0,Credit/Debit Card,39280000,13452267.0,25827733.0,0.3424711558044807,72.72,Sangat Sehat,0,Mahasiswa Mapan & Hemat
411,21,Female,Freshman,Psychology,20896000,592000,2636267.0,2731200.0,1825600.0,480000.0,1772800.0,436800.0,476000.0,1771200.0,268800.0,442400.0,Cash,21488000,12841067.0,8646933.0,0.5975924702159344,48.06,Waspada,1,Mahasiswa Boros / Defisit
412,25,Male,Sophomore,Engineering,20944000,6928000,2433600.0,2376000.0,1730400.0,729600.0,1856000.0,403200.0,554400.0,1843200.0,207200.0,520800.0,Credit/Debit Card,27872000,12654400.0,15217600.0,0.45401836969001147,63.3,Stabil,0,Mahasiswa Mapan & Hemat
413,19,Male,Freshman,Biology,23712000,11280000,2652267.0,2078400.0,1646400.0,691200.0,1491200.0,715200.0,330400.0,1202400.0,728000.0,537600.0,Credit/Debit Card,34992000,12073067.0,22918933.0,0.3450236339734796,67.17,Sangat Sehat,0,Mahasiswa Mapan & Hemat
414,23,Male,Sophomore,Economics,23488000,5328000,2584000.0,2702400.0,599200.0,355200.0,825600.0,571200.0,134400.0,885600.0,548800.0,968800.0,Mobile Payment App,28816000,10175200.0,18640800.0,0.3531093836757357,66.66,Sangat Sehat,0,Mahasiswa Mapan & Hemat
415,25,Female,Sophomore,Economics,13904000,1632000,1896533.0,2611200.0,2167200.0,772800.0,1011200.0,230400.0,448000.0,1173600.0,520800.0,722400.0,Credit/Debit Card,15536000,11554133.0,3981867.0,0.7437006307929969,35.0,Bahaya,1,Mahasiswa Boros / Defisit
416,18,Male,Junior,Economics,14176000,14672000,2905600.0,3878400.0,868000.0,811200.0,960000.0,115200.0,336000.0,928800.0,711200.0,1092000.0,Mobile Payment App,28848000,12606400.0,16241600.0,0.436993899057127,65.75,Stabil,0,Mahasiswa Mapan & Hemat
417,19,Female,Freshman,Economics,23088000,13296000,2287467.0,2452800.0,1064000.0,729600.0,691200.0,422400.0,341600.0,1281600.0,817600.0,576800.0,Mobile Payment App,36384000,10665067.0,25718933.0,0.2931251923922603,70.22,Sangat Sehat,0,Mahasiswa Mapan & Hemat
418,23,Non-binary,Freshman,Biology,12256000,1520000,2550400.0,4224000.0,1422400.0,835200.0,1523200.0,240000.0,268800.0,1137600.0,879200.0,543200.0,Cash,13776000,13624000.0,152000.0,0.9889663182346109,15.05,Bahaya,1,Mahasiswa Boros / Defisit
419,22,Non-binary,Senior,Biology,22448000,496000,2450667.0,3652800.0,1853600.0,859200.0,364800.0,465600.0,375200.0,1965600.0,1002400.0,313600.0,Cash,22944000,13303467.0,9640533.0,0.5798233525104602,52.9,Waspada,1,Mahasiswa Boros / Defisit
420,24,Non-binary,Freshman,Engineering,21952000,12848000,2176000.0,2073600.0,2161600.0,883200.0,320000.0,312000.0,464800.0,1785600.0,498400.0,341600.0,Credit/Debit Card,34800000,11016800.0,23783200.0,0.31657471264367815,71.27,Sangat Sehat,0,Mahasiswa Mapan & Hemat
421,23,Non-binary,Freshman,Biology,22848000,9552000,2930667.0,3916800.0,1859200.0,609600.0,1734400.0,480000.0,123200.0,669600.0,912800.0,336000.0,Mobile Payment App,32400000,13572267.0,18827733.0,0.4188971296296296,67.36,Sangat Sehat,0,Mahasiswa Mapan & Hemat
422,19,Male,Junior,Biology,20848000,960000,2408000.0,2452800.0,2167200.0,859200.0,1561600.0,326400.0,560000.0,1879200.0,196000.0,862400.0,Cash,21808000,13272800.0,8535200.0,0.6086206896551725,47.33,Waspada,1,Mahasiswa Boros / Defisit
423,20,Non-binary,Sophomore,Economics,9152000,13168000,3135467.0,2102400.0,2016000.0,345600.0,755200.0,384000.0,252000.0,1908000.0,268800.0,168000.0,Credit/Debit Card,22320000,11335467.0,10984533.0,0.5078614247311828,60.57,Waspada,0,Mahasiswa Mapan & Hemat
424,23,Non-binary,Junior,Economics,8928000,3104000,2478933.0,4152000.0,1024800.0,288000.0,723200.0,614400.0,212800.0,1908000.0,235200.0,935200.0,Credit/Debit Card,12032000,12572533.0,-540533.0,1.0449246176861702,13.04,Bahaya,1,Mahasiswa Boros / Defisit
425,23,Female,Junior,Engineering,16784000,7616000,3185067.0,3182400.0,649600.0,777600.0,332800.0,528000.0,117600.0,1454400.0,481600.0,352800.0,Mobile Payment App,24400000,11061867.0,13338133.0,0.4533552049180328,64.37,Stabil,0,Mahasiswa Mapan & Hemat
426,18,Female,Freshman,Computer Science,14768000,1728000,1941333.0,1963200.0,2150400.0,561600.0,1593600.0,364800.0,380800.0,1094400.0,481600.0,716800.0,Credit/Debit Card,16496000,11248533.0,5247467.0,0.6818945805043647,39.19,Bahaya,1,Mahasiswa Boros / Defisit
427,18,Female,Freshman,Engineering,9936000,560000,3082133.0,2678400.0,1411200.0,523200.0,1849600.0,393600.0,285600.0,705600.0,296800.0,560000.0,Cash,10496000,11786133.0,-1290133.0,1.1229166349085367,11.74,Bahaya,1,Mahasiswa Boros / Defisit
428,21,Non-binary,Junior,Economics,10560000,5568000,3034133.0,3508800.0,688800.0,422400.0,569600.0,321600.0,358400.0,1339200.0,218400.0,145600.0,Mobile Payment App,16128000,10606933.0,5521067.0,0.6576719370039682,42.38,Bahaya,1,Mahasiswa Boros / Defisit
429,21,Non-binary,Freshman,Biology,8448000,1472000,2060267.0,4315200.0,711200.0,883200.0,640000.0,100800.0,308000.0,1404000.0,700000.0,750400.0,Mobile Payment App,9920000,11873067.0,-1953067.0,1.196881754032258,14.93,Bahaya,1,Mahasiswa Boros / Defisit
430,23,Female,Freshman,Psychology,10240000,9888000,1983467.0,2462400.0,1092000.0,691200.0,1760000.0,158400.0,352800.0,1080000.0,1075200.0,504000.0,Mobile Payment App,20128000,11159467.0,8968533.0,0.554425029809221,53.35,Waspada,0,Mahasiswa Mapan & Hemat
431,18,Female,Senior,Computer Science,22832000,9168000,2297067.0,3825600.0,1254400.0,772800.0,870400.0,417600.0,330400.0,1144800.0,487200.0,112000.0,Mobile Payment App,32000000,11512267.0,20487733.0,0.35975834375,70.86,Sangat Sehat,0,Mahasiswa Mapan & Hemat
432,18,Male,Sophomore,Computer Science,8432000,6480000,2441067.0,2553600.0,744800.0,643200.0,1868800.0,297600.0,280000.0,1180800.0,184800.0,711200.0,Cash,14912000,10905867.0,4006133.0,0.7313483771459227,32.61,Bahaya,1,Mahasiswa Boros / Defisit
433,25,Female,Freshman,Psychology,20720000,12592000,2448533.0,3667200.0,2004800.0,681600.0,1216000.0,580800.0,431200.0,1756800.0,420000.0,632800.0,Cash,33312000,13839733.0,19472267.0,0.4154578830451489,67.15,Sangat Sehat,0,Mahasiswa Mapan & Hemat
434,23,Female,Sophomore,Economics,19504000,7856000,2746133.0,2644800.0,940800.0,604800.0,1177600.0,196800.0,375200.0,1461600.0,464800.0,196000.0,Cash,27360000,10808533.0,16551467.0,0.3950487207602339,65.83,Stabil,0,Mahasiswa Mapan & Hemat
435,24,Female,Senior,Engineering,15344000,11136000,1706667.0,2846400.0,1780800.0,902400.0,979200.0,720000.0,498400.0,2052000.0,302400.0,571200.0,Cash,26480000,12359467.0,14120533.0,0.4667472432024169,64.75,Stabil,0,Mahasiswa Mapan & Hemat
436,18,Non-binary,Sophomore,Biology,23728000,15920000,2010667.0,2731200.0,1836800.0,763200.0,659200.0,604800.0,515200.0,2044800.0,1080800.0,112000.0,Credit/Debit Card,39648000,12358667.0,27289333.0,0.3117097205407587,70.47,Sangat Sehat,0,Mahasiswa Mapan & Hemat
437,19,Non-binary,Sophomore,Psychology,10336000,15776000,3040000.0,4113600.0,1730400.0,369600.0,563200.0,316800.0,548800.0,1252800.0,705600.0,856800.0,Mobile Payment App,26112000,13497600.0,12614400.0,0.5169117647058824,61.17,Waspada,0,Mahasiswa Mapan & Hemat
438,23,Male,Senior,Biology,13088000,5648000,2759467.0,3177600.0,1243200.0,768000.0,1241600.0,134400.0,548800.0,1389600.0,991200.0,929600.0,Credit/Debit Card,18736000,13183467.0,5552533.0,0.7036436272416737,36.3,Bahaya,1,Mahasiswa Boros / Defisit
439,18,Male,Senior,Engineering,20288000,9568000,1812267.0,2318400.0,1702400.0,571200.0,1075200.0,163200.0,532000.0,1879200.0,599200.0,963200.0,Credit/Debit Card,29856000,11616267.0,18239733.0,0.38907646704180066,66.3,Stabil,0,Mahasiswa Mapan & Hemat
440,22,Non-binary,Freshman,Biology,9008000,5520000,2513600.0,4574400.0,1394400.0,868800.0,819200.0,259200.0,302400.0,1965600.0,224000.0,683200.0,Mobile Payment App,14528000,13604800.0,923200.0,0.936453744493392,19.66,Bahaya,1,Mahasiswa Boros / Defisit
441,21,Male,Freshman,Psychology,20048000,7424000,2717867.0,1939200.0,1556800.0,854400.0,1504000.0,278400.0,386400.0,640800.0,901600.0,565600.0,Credit/Debit Card,27472000,11345067.0,16126933.0,0.4129683677926616,64.99,Stabil,0,Mahasiswa Mapan & Hemat
442,18,Non-binary,Sophomore,Engineering,12656000,11824000,2987200.0,3014400.0,1506400.0,556800.0,652800.0,264000.0,324800.0,1288800.0,369600.0,761600.0,Cash,24480000,11726400.0,12753600.0,0.47901960784313724,63.83,Stabil,0,Mahasiswa Mapan & Hemat
443,22,Non-binary,Sophomore,Psychology,13552000,15424000,1799467.0,4795200.0,2100000.0,792000.0,1100800.0,211200.0,285600.0,1296000.0,168000.0,700000.0,Cash,28976000,13248267.0,15727733.0,0.4572151780784097,69.12,Sangat Sehat,0,Mahasiswa Mapan & Hemat
444,24,Male,Junior,Economics,10688000,576000,3179733.0,3048000.0,1568000.0,796800.0,1126400.0,537600.0,464800.0,1375200.0,644000.0,229600.0,Mobile Payment App,11264000,12970133.0,-1706133.0,1.1514677734375,12.52,Bahaya,1,Mahasiswa Boros / Defisit
445,24,Male,Freshman,Computer Science,16352000,14128000,1692800.0,3993600.0,677600.0,657600.0,908800.0,259200.0,364000.0,669600.0,263200.0,952000.0,Cash,30480000,10438400.0,20041600.0,0.3424671916010499,71.62,Sangat Sehat,0,Mahasiswa Mapan & Hemat
446,20,Non-binary,Senior,Economics,11600000,11264000,1696533.0,2112000.0,2032800.0,408000.0,1401600.0,115200.0,408800.0,1360800.0,1064000.0,184800.0,Cash,22864000,10784533.0,12079467.0,0.4716818142057383,63.8,Stabil,0,Mahasiswa Mapan & Hemat
447,24,Non-binary,Junior,Biology,11728000,2304000,1896533.0,2049600.0,1198400.0,340800.0,1356800.0,652800.0,408800.0,2131200.0,879200.0,879200.0,Credit/Debit Card,14032000,11793333.0,2238667.0,0.8404598774230331,21.21,Bahaya,1,Mahasiswa Boros / Defisit
448,18,Non-binary,Freshman,Engineering,10944000,11920000,2436800.0,4243200.0,1803200.0,672000.0,1696000.0,96000.0,554400.0,1447200.0,739200.0,918400.0,Mobile Payment App,22864000,14606400.0,8257600.0,0.6388383484954514,45.21,Bahaya,1,Mahasiswa Boros / Defisit
449,20,Male,Senior,Psychology,9664000,7904000,1773867.0,2985600.0,1209600.0,676800.0,345600.0,432000.0,548800.0,1929600.0,313600.0,767200.0,Mobile Payment App,17568000,10982667.0,6585333.0,0.6251518101092897,46.29,Waspada,1,Mahasiswa Boros / Defisit
450,23,Male,Sophomore,Engineering,21536000,1328000,3000533.0,3835200.0,672000.0,600000.0,1868800.0,672000.0,263200.0,446400.0,196000.0,414400.0,Mobile Payment App,22864000,11968533.0,10895467.0,0.5234662788663401,59.17,Waspada,0,Mahasiswa Mapan & Hemat
451,23,Non-binary,Junior,Biology,23424000,12000000,2083733.0,2366400.0,2038400.0,292800.0,1088000.0,446400.0,128800.0,633600.0,632800.0,1069600.0,Credit/Debit Card,35424000,10780533.0,24643467.0,0.30432850609756096,70.9,Sangat Sehat,0,Mahasiswa Mapan & Hemat
452,18,Male,Sophomore,Psychology,20128000,5328000,2767467.0,2577600.0,2072000.0,936000.0,1248000.0,403200.0,319200.0,907200.0,700000.0,397600.0,Cash,25456000,12328267.0,13127733.0,0.4842971008799497,64.22,Stabil,0,Mahasiswa Mapan & Hemat
453,22,Male,Freshman,Economics,14800000,7616000,2002667.0,3446400.0,1271200.0,384000.0,1107200.0,336000.0,492800.0,1332000.0,196000.0,240800.0,Cash,22416000,10809067.0,11606933.0,0.48220320306923625,64.87,Stabil,0,Mahasiswa Mapan & Hemat
454,18,Male,Sophomore,Computer Science,14832000,14080000,3048000.0,3590400.0,1215200.0,700800.0,1452800.0,465600.0,257600.0,1584000.0,907200.0,212800.0,Mobile Payment App,28912000,13434400.0,15477600.0,0.46466519092418374,63.71,Stabil,0,Mahasiswa Mapan & Hemat
455,20,Non-binary,Freshman,Engineering,19680000,15472000,2018133.0,2064000.0,1209600.0,264000.0,1580800.0,355200.0,504000.0,1231200.0,291200.0,907200.0,Mobile Payment App,35152000,10425333.0,24726667.0,0.2965786583978152,68.32,Sangat Sehat,0,Mahasiswa Mapan & Hemat
456,23,Non-binary,Freshman,Psychology,22992000,12432000,2945067.0,4089600.0,2100000.0,475200.0,352000.0,720000.0,117600.0,1404000.0,296800.0,380800.0,Credit/Debit Card,35424000,12881067.0,22542933.0,0.36362542344173443,70.98,Sangat Sehat,0,Mahasiswa Mapan & Hemat
457,21,Female,Sophomore,Computer Science,15824000,2528000,2086933.0,4411200.0,2111200.0,763200.0,972800.0,552000.0,224000.0,2152800.0,324800.0,985600.0,Credit/Debit Card,18352000,14584533.0,3767467.0,0.7947108217088056,30.95,Bahaya,1,Mahasiswa Boros / Defisit
458,19,Male,Senior,Biology,14560000,11584000,3138133.0,2025600.0,2044000.0,787200.0,1881600.0,700800.0,190400.0,1857600.0,851200.0,134400.0,Cash,26144000,13610933.0,12533067.0,0.5206140223378213,57.5,Waspada,0,Mahasiswa Mapan & Hemat
459,18,Male,Freshman,Computer Science,21168000,7056000,1798933.0,3364800.0,2066400.0,288000.0,1504000.0,211200.0,436800.0,1987200.0,212800.0,778400.0,Cash,28224000,12648533.0,15575467.0,0.4481481363378685,65.64,Stabil,0,Mahasiswa Mapan & Hemat
460,20,Female,Sophomore,Engineering,10688000,528000,2169067.0,2174400.0,1360800.0,403200.0,1811200.0,633600.0,403200.0,2116800.0,280000.0,554400.0,Mobile Payment App,11216000,11906667.0,-690667.0,1.0615787268188301,9.92,Bahaya,1,Mahasiswa Boros / Defisit
461,25,Female,Senior,Biology,16064000,7440000,3021333.0,4008000.0,705600.0,859200.0,1900800.0,110400.0,291200.0,1713600.0,442400.0,582400.0,Credit/Debit Card,23504000,13634933.0,9869067.0,0.5801111725663717,50.77,Waspada,1,Mahasiswa Boros / Defisit
462,21,Female,Junior,Economics,22640000,8976000,1644267.0,4641600.0,1943200.0,547200.0,1120000.0,480000.0,168000.0,1195200.0,907200.0,672000.0,Credit/Debit Card,31616000,13318667.0,18297333.0,0.42126350581983807,69.21,Sangat Sehat,0,Mahasiswa Mapan & Hemat
463,18,Male,Freshman,Engineering,15168000,11824000,2026133.0,3897600.0,1926400.0,532800.0,1312000.0,667200.0,526400.0,1792800.0,599200.0,240800.0,Credit/Debit Card,26992000,13521333.0,13470667.0,0.5009385373443983,63.95,Stabil,0,Mahasiswa Mapan & Hemat
464,21,Non-binary,Junior,Biology,16160000,3968000,1677867.0,4665600.0,1993600.0,816000.0,384000.0,321600.0,302400.0,554400.0,694400.0,560000.0,Mobile Payment App,20128000,11969867.0,8158133.0,0.594687350953895,55.39,Waspada,1,Mahasiswa Boros / Defisit
465,19,Female,Sophomore,Biology,13968000,8784000,2073067.0,2030400.0,621600.0,576000.0,1062400.0,556800.0,380800.0,1836000.0,767200.0,168000.0,Credit/Debit Card,22752000,10072267.0,12679733.0,0.4426980924753868,61.91,Waspada,0,Mahasiswa Mapan & Hemat
466,19,Female,Sophomore,Computer Science,14736000,2368000,2172267.0,3249600.0,1187200.0,374400.0,1107200.0,249600.0,184800.0,1015200.0,901600.0,386400.0,Cash,17104000,10828267.0,6275733.0,0.6330838985032741,45.39,Bahaya,1,Mahasiswa Boros / Defisit
467,19,Female,Freshman,Engineering,23344000,4560000,2405867.0,2971200.0,1674400.0,696000.0,1888000.0,460800.0,397600.0,684000.0,196000.0,952000.0,Mobile Payment App,27904000,12325867.0,15578133.0,0.4417240180619266,65.33,Stabil,0,Mahasiswa Mapan & Hemat
468,25,Male,Freshman,Biology,10752000,3408000,2122667.0,2016000.0,2027200.0,307200.0,1856000.0,628800.0,296800.0,1447200.0,571200.0,464800.0,Credit/Debit Card,14160000,11737867.0,2422133.0,0.8289454096045198,24.15,Bahaya,1,Mahasiswa Boros / Defisit
469,23,Non-binary,Senior,Engineering,23376000,4784000,2312000.0,2400000.0,672000.0,312000.0,716800.0,398400.0,229600.0,597600.0,302400.0,599200.0,Mobile Payment App,28160000,8540000.0,19620000.0,0.30326704545454547,69.76,Sangat Sehat,0,Mahasiswa Mapan & Hemat
470,24,Male,Senior,Psychology,23872000,10304000,2397333.0,2246400.0,1310400.0,364800.0,1312000.0,278400.0,448000.0,1144800.0,879200.0,369600.0,Credit/Debit Card,34176000,10750933.0,23425067.0,0.31457552083333334,68.36,Sangat Sehat,0,Mahasiswa Mapan & Hemat
471,19,Male,Senior,Computer Science,10032000,15920000,3126933.0,4497600.0,1052800.0,849600.0,992000.0,657600.0,543200.0,842400.0,963200.0,1008000.0,Cash,25952000,14533333.0,11418667.0,0.560008207459926,54.38,Waspada,0,Mahasiswa Mapan & Hemat
472,23,Male,Freshman,Computer Science,15376000,1392000,3103467.0,3748800.0,2200800.0,268800.0,992000.0,307200.0,481600.0,1051200.0,352800.0,268800.0,Mobile Payment App,16768000,12775467.0,3992533.0,0.7618956941793893,33.5,Bahaya,1,Mahasiswa Boros / Defisit
473,22,Male,Senior,Engineering,15264000,2144000,1842667.0,3187200.0,1859200.0,878400.0,1452800.0,172800.0,386400.0,1296000.0,252000.0,380800.0,Credit/Debit Card,17408000,11708267.0,5699733.0,0.6725796760110294,42.88,Bahaya,1,Mahasiswa Boros / Defisit
474,20,Non-binary,Junior,Biology,23776000,15328000,3116267.0,3633600.0,666400.0,648000.0,460800.0,547200.0,263200.0,590400.0,520800.0,761600.0,Mobile Payment App,39104000,11208267.0,27895733.0,0.28662712254500816,71.78,Sangat Sehat,0,Mahasiswa Mapan & Hemat
475,24,Female,Freshman,Psychology,21296000,10896000,3156267.0,4555200.0,1876000.0,600000.0,1651200.0,451200.0,526400.0,1231200.0,190400.0,711200.0,Mobile Payment App,32192000,14949067.0,17242933.0,0.464372111083499,65.54,Stabil,0,Mahasiswa Mapan & Hemat
476,21,Female,Senior,Computer Science,8816000,7872000,1737067.0,4464000.0,1876000.0,283200.0,390400.0,196800.0,336000.0,424800.0,817600.0,845600.0,Cash,16688000,11371467.0,5316533.0,0.6814158077660595,44.24,Bahaya,1,Mahasiswa Boros / Defisit
477,18,Non-binary,Senior,Biology,21632000,7600000,3129600.0,3446400.0,1478400.0,940800.0,966400.0,547200.0,145600.0,1756800.0,364000.0,319200.0,Credit/Debit Card,29232000,13094400.0,16137600.0,0.44794745484400655,65.52,Stabil,0,Mahasiswa Mapan & Hemat
478,22,Female,Senior,Engineering,22992000,3264000,2037333.0,2385600.0,1786400.0,772800.0,1388800.0,110400.0,453600.0,482400.0,700000.0,834400.0,Mobile Payment App,26256000,10951733.0,15304267.0,0.4171135359536868,66.86,Sangat Sehat,0,Mahasiswa Mapan & Hemat
479,25,Non-binary,Sophomore,Biology,18336000,8064000,2648000.0,3393600.0,1652000.0,609600.0,729600.0,465600.0,168000.0,1015200.0,352800.0,134400.0,Mobile Payment App,26400000,11168800.0,15231200.0,0.4230606060606061,68.27,Sangat Sehat,0,Mahasiswa Mapan & Hemat
480,21,Male,Freshman,Biology,21456000,14384000,1670933.0,4080000.0,2038400.0,878400.0,1676800.0,619200.0,145600.0,1353600.0,526400.0,728000.0,Credit/Debit Card,35840000,13717333.0,22122667.0,0.3827380859375,69.99,Sangat Sehat,0,Mahasiswa Mapan & Hemat
481,25,Female,Sophomore,Biology,21296000,3632000,2922133.0,3600000.0,868000.0,883200.0,563200.0,417600.0,403200.0,626400.0,879200.0,296800.0,Mobile Payment App,24928000,11459733.0,13468267.0,0.45971329428754815,65.62,Stabil,0,Mahasiswa Mapan & Hemat
482,25,Male,Freshman,Computer Science,19120000,13520000,2080000.0,2995200.0,1444800.0,878400.0,1139200.0,585600.0,509600.0,1951200.0,296800.0,526400.0,Mobile Payment App,32640000,12407200.0,20232800.0,0.38012254901960785,67.65,Sangat Sehat,0,Mahasiswa Mapan & Hemat
483,24,Non-binary,Sophomore,Psychology,19952000,4304000,3035733.0,3062400.0,884800.0,940800.0,1216000.0,441600.0,492800.0,1252800.0,560000.0,380800.0,Cash,24256000,12267733.0,11988267.0,0.5057607602242744,61.04,Waspada,0,Mahasiswa Mapan & Hemat
484,25,Female,Senior,Biology,10608000,12768000,2889600.0,2016000.0,2178400.0,465600.0,1804800.0,691200.0,470400.0,1072800.0,688800.0,935200.0,Cash,23376000,13212800.0,10163200.0,0.5652292950034223,51.05,Waspada,1,Mahasiswa Boros / Defisit
485,23,Female,Senior,Engineering,13776000,12416000,2254400.0,4435200.0,800800.0,912000.0,1331200.0,547200.0,459200.0,856800.0,963200.0,397600.0,Credit/Debit Card,26192000,12957600.0,13234400.0,0.49471594379963346,64.45,Stabil,0,Mahasiswa Mapan & Hemat
486,23,Male,Senior,Economics,9088000,5440000,1613333.0,2976000.0,1680000.0,441600.0,1491200.0,360000.0,291200.0,2131200.0,1069600.0,610400.0,Credit/Debit Card,14528000,12664533.0,1863467.0,0.8717327230176212,21.62,Bahaya,1,Mahasiswa Boros / Defisit
487,20,Female,Senior,Psychology,12832000,4064000,2467200.0,2726400.0,1002400.0,307200.0,1696000.0,595200.0,285600.0,842400.0,884800.0,688800.0,Credit/Debit Card,16896000,11496000.0,5400000.0,0.6803977272727273,37.41,Bahaya,1,Mahasiswa Boros / Defisit
488,24,Male,Freshman,Economics,13136000,6624000,3124267.0,3451200.0,974400.0,638400.0,332800.0,364800.0,364000.0,1022400.0,369600.0,218400.0,Cash,19760000,10860267.0,8899733.0,0.5496086538461539,56.59,Waspada,0,Mahasiswa Mapan & Hemat
489,19,Female,Freshman,Computer Science,16144000,12320000,2322133.0,2452800.0,1680000.0,907200.0,998400.0,720000.0,302400.0,1944000.0,817600.0,257600.0,Credit/Debit Card,28464000,12402133.0,16061867.0,0.4357129356379989,64.76,Stabil,0,Mahasiswa Mapan & Hemat
490,19,Non-binary,Junior,Computer Science,8416000,10128000,1649600.0,4512000.0,1204000.0,523200.0,345600.0,148800.0,448000.0,1389600.0,1075200.0,235200.0,Mobile Payment App,18544000,11531200.0,7012800.0,0.6218291630716135,49.6,Waspada,1,Mahasiswa Boros / Defisit
491,22,Female,Junior,Computer Science,8032000,12080000,1982400.0,2270400.0,856800.0,259200.0,339200.0,441600.0,280000.0,2088000.0,806400.0,392000.0,Mobile Payment App,20112000,9716000.0,10396000.0,0.48309466984884647,61.13,Waspada,0,Mahasiswa Mapan & Hemat
492,19,Non-binary,Freshman,Biology,13760000,8800000,3041600.0,2414400.0,1136800.0,820800.0,748800.0,139200.0,173600.0,626400.0,459200.0,1097600.0,Mobile Payment App,22560000,10658400.0,11901600.0,0.4724468085106383,63.41,Stabil,0,Mahasiswa Mapan & Hemat
493,18,Non-binary,Junior,Economics,22720000,9216000,2741867.0,4008000.0,940800.0,489600.0,1772800.0,273600.0,263200.0,1872000.0,481600.0,1097600.0,Cash,31936000,13941067.0,17994933.0,0.4365314065631263,64.24,Stabil,0,Mahasiswa Mapan & Hemat
494,21,Female,Senior,Computer Science,8640000,14896000,2443733.0,3124800.0,1237600.0,648000.0,640000.0,100800.0,218400.0,540000.0,403200.0,1024800.0,Mobile Payment App,23536000,10381333.0,13154667.0,0.4410831492182189,66.84,Sangat Sehat,0,Mahasiswa Mapan & Hemat
495,25,Non-binary,Freshman,Psychology,11792000,15920000,2258133.0,2697600.0,1612800.0,297600.0,1875200.0,494400.0,498400.0,2023200.0,173600.0,907200.0,Mobile Payment App,27712000,12838133.0,14873867.0,0.4632698109122402,62.24,Stabil,0,Mahasiswa Mapan & Hemat
496,22,Non-binary,Freshman,Psychology,8048000,912000,1673600.0,4046400.0,1545600.0,849600.0,1120000.0,177600.0,145600.0,1857600.0,588000.0,924000.0,Cash,8960000,12928000.0,-3968000.0,1.4428571428571428,14.95,Bahaya,1,Mahasiswa Boros / Defisit
497,22,Female,Freshman,Computer Science,10768000,15552000,2857067.0,3974400.0,1562400.0,456000.0,1907200.0,465600.0,117600.0,1108800.0,190400.0,907200.0,Mobile Payment App,26320000,13546667.0,12773333.0,0.5146909954407295,60.97,Waspada,0,Mahasiswa Mapan & Hemat
498,25,Female,Freshman,Psychology,10896000,1840000,2856000.0,4070400.0,1170400.0,566400.0,326400.0,537600.0,464800.0,1728000.0,1052800.0,963200.0,Cash,12736000,13736000.0,-1000000.0,1.0785175879396984,12.68,Bahaya,1,Mahasiswa Boros / Defisit
499,22,Male,Freshman,Computer Science,21696000,12256000,2873067.0,2875200.0,1943200.0,960000.0,1523200.0,369600.0,364000.0,1368000.0,403200.0,1097600.0,Mobile Payment App,33952000,13777067.0,20174933.0,0.4057807198397738,66.35,Stabil,0,Mahasiswa Mapan & Hemat
500,25,Female,Sophomore,Computer Science,16992000,6240000,1810133.0,4540800.0,1668800.0,561600.0,1222400.0,556800.0,201600.0,734400.0,408800.0,890400.0,Credit/Debit Card,23232000,12595733.0,10636267.0,0.5421717028236914,59.77,Waspada,0,Mahasiswa Mapan & Hemat
501,18,Male,Sophomore,Economics,22384000,10448000,1820267.0,3374400.0,879200.0,873600.0,428800.0,196800.0,453600.0,777600.0,862400.0,156800.0,Cash,32832000,9823467.0,23008533.0,0.2992040387426901,73.69,Sangat Sehat,0,Mahasiswa Mapan & Hemat
502,19,Female,Junior,Engineering,22432000,11280000,1742933.0,3432000.0,1708000.0,643200.0,556800.0,480000.0,560000.0,1641600.0,576800.0,806400.0,Cash,33712000,12147733.0,21564267.0,0.3603385441385857,69.87,Sangat Sehat,0,Mahasiswa Mapan & Hemat
503,24,Non-binary,Sophomore,Engineering,18944000,4160000,2992000.0,2352000.0,2105600.0,806400.0,1171200.0,489600.0,408800.0,1317600.0,476000.0,688800.0,Cash,23104000,12808000.0,10296000.0,0.5543628808864266,54.27,Waspada,0,Mahasiswa Mapan & Hemat
504,21,Male,Senior,Economics,11888000,5616000,1992000.0,3580800.0,1708000.0,244800.0,1286400.0,264000.0,414400.0,2044800.0,655200.0,509600.0,Cash,17504000,12700000.0,4804000.0,0.7255484460694699,35.4,Bahaya,1,Mahasiswa Boros / Defisit
505,25,Male,Sophomore,Biology,22144000,7840000,1734933.0,2217600.0,1601600.0,758400.0,1536000.0,432000.0,134400.0,2131200.0,1069600.0,644000.0,Mobile Payment App,29984000,12259733.0,17724267.0,0.40887583377801495,64.85,Stabil,0,Mahasiswa Mapan & Hemat
506,20,Male,Junior,Biology,15952000,10256000,2133333.0,2827200.0,935200.0,624000.0,908800.0,115200.0,392000.0,1288800.0,728000.0,319200.0,Credit/Debit Card,26208000,10271733.0,15936267.0,0.3919312042124542,67.13,Sangat Sehat,0,Mahasiswa Mapan & Hemat
507,24,Male,Senior,Engineering,9888000,1744000,2228267.0,3004800.0,1876000.0,566400.0,1177600.0,105600.0,420000.0,1000800.0,476000.0,364000.0,Credit/Debit Card,11632000,11219467.0,412533.0,0.9645346458046767,17.09,Bahaya,1,Mahasiswa Boros / Defisit
508,25,Female,Junior,Psychology,21120000,7968000,2842133.0,2683200.0,1321600.0,585600.0,1676800.0,456000.0,341600.0,1180800.0,604800.0,364000.0,Cash,29088000,12056533.0,17031467.0,0.4144847703520352,64.84,Stabil,0,Mahasiswa Mapan & Hemat
509,25,Male,Sophomore,Computer Science,15344000,8352000,2459200.0,1929600.0,2066400.0,321600.0,1036800.0,508800.0,134400.0,1015200.0,252000.0,487200.0,Cash,23696000,10211200.0,13484800.0,0.4309250506414585,65.45,Stabil,0,Mahasiswa Mapan & Hemat
510,20,Non-binary,Junior,Psychology,15200000,10496000,2330133.0,4396800.0,1159200.0,465600.0,576000.0,201600.0,436800.0,2044800.0,420000.0,268800.0,Mobile Payment App,25696000,12299733.0,13396267.0,0.47866333281444584,65.54,Stabil,0,Mahasiswa Mapan & Hemat
511,24,Non-binary,Senior,Economics,20576000,7296000,3155200.0,4670400.0,1472800.0,288000.0,691200.0,552000.0,123200.0,835200.0,352800.0,940800.0,Credit/Debit Card,27872000,13081600.0,14790400.0,0.46934557979334096,65.97,Stabil,0,Mahasiswa Mapan & Hemat
512,19,Non-binary,Freshman,Computer Science,14288000,4992000,2355733.0,4708800.0,873600.0,676800.0,1536000.0,600000.0,330400.0,1159200.0,660800.0,145600.0,Cash,19280000,13046933.0,6233067.0,0.676708143153527,41.66,Bahaya,1,Mahasiswa Boros / Defisit
513,18,Female,Freshman,Psychology,18016000,14256000,2262400.0,2995200.0,1019200.0,480000.0,870400.0,412800.0,369600.0,1749600.0,464800.0,168000.0,Cash,32272000,10792000.0,21480000.0,0.334407535944472,69.12,Sangat Sehat,0,Mahasiswa Mapan & Hemat
514,22,Male,Sophomore,Biology,10864000,7696000,2915200.0,3235200.0,1008000.0,729600.0,940800.0,638400.0,324800.0,482400.0,728000.0,890400.0,Mobile Payment App,18560000,11892800.0,6667200.0,0.6407758620689655,43.73,Bahaya,1,Mahasiswa Boros / Defisit
515,25,Male,Freshman,Psychology,12848000,3216000,3154133.0,4123200.0,800800.0,830400.0,915200.0,681600.0,537600.0,1224000.0,576800.0,168000.0,Credit/Debit Card,16064000,13011733.0,3052267.0,0.8099933391434263,27.91,Bahaya,1,Mahasiswa Boros / Defisit
516,18,Female,Senior,Biology,10624000,1840000,1969067.0,4622400.0,1192800.0,336000.0,1472000.0,720000.0,414400.0,1432800.0,935200.0,632800.0,Credit/Debit Card,12464000,13727467.0,-1263467.0,1.1013693035943517,13.44,Bahaya,1,Mahasiswa Boros / Defisit
517,18,Male,Senior,Computer Science,24000000,12432000,2840533.0,3705600.0,1668800.0,873600.0,1107200.0,537600.0,369600.0,1224000.0,229600.0,576800.0,Cash,36432000,13133333.0,23298667.0,0.36048893829600354,69.85,Sangat Sehat,0,Mahasiswa Mapan & Hemat
518,22,Male,Junior,Psychology,16080000,12432000,2984533.0,4152000.0,884800.0,268800.0,723200.0,489600.0,397600.0,1792800.0,828800.0,1097600.0,Credit/Debit Card,28512000,13619733.0,14892267.0,0.4776842382154882,62.58,Stabil,0,Mahasiswa Mapan & Hemat
519,22,Female,Sophomore,Biology,14128000,10240000,2941333.0,3604800.0,1360800.0,806400.0,1536000.0,662400.0,112000.0,734400.0,308000.0,520800.0,Credit/Debit Card,24368000,12586933.0,11781067.0,0.5165353332239002,61.17,Waspada,0,Mahasiswa Mapan & Hemat
520,18,Non-binary,Freshman,Biology,22848000,5232000,2764267.0,3945600.0,660800.0,883200.0,1337600.0,129600.0,280000.0,1526400.0,498400.0,722400.0,Cash,28080000,12748267.0,15331733.0,0.4539981125356125,64.76,Stabil,0,Mahasiswa Mapan & Hemat
521,21,Non-binary,Sophomore,Economics,14496000,7184000,2070933.0,3422400.0,1892800.0,604800.0,1920000.0,412800.0,257600.0,396000.0,358400.0,683200.0,Cash,21680000,12018933.0,9661067.0,0.5543788284132841,56.72,Waspada,0,Mahasiswa Mapan & Hemat
522,18,Non-binary,Freshman,Computer Science,15856000,13376000,1769067.0,2486400.0,1764000.0,470400.0,524800.0,667200.0,526400.0,936000.0,812000.0,845600.0,Cash,29232000,10801867.0,18430133.0,0.3695219964422551,68.33,Sangat Sehat,0,Mahasiswa Mapan & Hemat
523,23,Female,Freshman,Engineering,19936000,12064000,2890667.0,2419200.0,2083200.0,513600.0,1420800.0,499200.0,173600.0,1173600.0,649600.0,1019200.0,Mobile Payment App,32000000,12842667.0,19157333.0,0.40133334375,65.66,Stabil,0,Mahasiswa Mapan & Hemat
524,22,Female,Freshman,Biology,20368000,160000,2255467.0,4257600.0,940800.0,945600.0,857600.0,672000.0,336000.0,1699200.0,532000.0,761600.0,Credit/Debit Card,20528000,13257867.0,7270133.0,0.6458430923616524,44.52,Bahaya,1,Mahasiswa Boros / Defisit
525,22,Male,Junior,Psychology,14080000,2944000,2509867.0,1992000.0,588000.0,873600.0,1702400.0,278400.0,380800.0,1994400.0,985600.0,201600.0,Credit/Debit Card,17024000,11506667.0,5517333.0,0.6759085408834586,36.35,Bahaya,1,Mahasiswa Boros / Defisit
526,24,Non-binary,Junior,Computer Science,21696000,5248000,3017600.0,4324800.0,2066400.0,748800.0,1817600.0,547200.0,425600.0,1044000.0,666400.0,571200.0,Credit/Debit Card,26944000,15229600.0,11714400.0,0.5652315914489311,54.53,Waspada,1,Mahasiswa Boros / Defisit
527,23,Female,Junior,Economics,14656000,14832000,2796800.0,1972800.0,1394400.0,753600.0,1107200.0,331200.0,397600.0,1836000.0,464800.0,1058400.0,Credit/Debit Card,29488000,12112800.0,17375200.0,0.4107704829083017,63.78,Stabil,0,Mahasiswa Mapan & Hemat
528,18,Non-binary,Freshman,Economics,16944000,10688000,2101333.0,4012800.0,980000.0,628800.0,1075200.0,144000.0,453600.0,1548000.0,996800.0,173600.0,Credit/Debit Card,27632000,12114133.0,15517867.0,0.4384095613781123,66.39,Stabil,0,Mahasiswa Mapan & Hemat
529,24,Female,Junior,Psychology,15056000,3248000,1625600.0,2961600.0,1198400.0,542400.0,1491200.0,523200.0,274400.0,1915200.0,408800.0,985600.0,Credit/Debit Card,18304000,11926400.0,6377600.0,0.6515734265734265,41.81,Bahaya,1,Mahasiswa Boros / Defisit
530,24,Male,Senior,Psychology,12224000,8336000,2402133.0,3974400.0,795200.0,561600.0,1043200.0,350400.0,179200.0,2152800.0,285600.0,285600.0,Mobile Payment App,20560000,12030133.0,8529867.0,0.585123200389105,51.16,Waspada,1,Mahasiswa Boros / Defisit
531,25,Non-binary,Sophomore,Economics,15728000,10720000,2482133.0,2942400.0,1377600.0,604800.0,1632000.0,700800.0,112000.0,424800.0,868000.0,1103200.0,Cash,26448000,12247733.0,14200267.0,0.4630873033877798,63.54,Stabil,0,Mahasiswa Mapan & Hemat
532,18,Non-binary,Senior,Biology,20720000,4208000,2401067.0,3105600.0,627200.0,657600.0,1100800.0,508800.0,492800.0,777600.0,235200.0,179200.0,Mobile Payment App,24928000,10085867.0,14842133.0,0.40459992779204107,66.88,Sangat Sehat,0,Mahasiswa Mapan & Hemat
533,22,Female,Sophomore,Computer Science,20816000,14128000,2589867.0,2491200.0,789600.0,273600.0,633600.0,364800.0,392000.0,432000.0,649600.0,1114400.0,Cash,34944000,9730667.0,25213333.0,0.278464600503663,69.82,Sangat Sehat,0,Mahasiswa Mapan & Hemat
534,22,Non-binary,Junior,Biology,13264000,5904000,2797867.0,3369600.0,817600.0,422400.0,1830400.0,691200.0,207200.0,1929600.0,476000.0,1069600.0,Cash,19168000,13611467.0,5556533.0,0.7101140964106845,34.0,Bahaya,1,Mahasiswa Boros / Defisit
535,22,Non-binary,Sophomore,Psychology,20736000,16000,2439467.0,3643200.0,823200.0,686400.0,358400.0,614400.0,403200.0,1454400.0,274400.0,1064000.0,Credit/Debit Card,20752000,11761067.0,8990933.0,0.5667437837316885,53.41,Waspada,0,Mahasiswa Mapan & Hemat
536,21,Male,Freshman,Biology,20448000,8096000,1901867.0,2462400.0,2016000.0,388800.0,928000.0,230400.0,392000.0,1814400.0,526400.0,784000.0,Credit/Debit Card,28544000,11444267.0,17099733.0,0.4009342418721973,66.72,Sangat Sehat,0,Mahasiswa Mapan & Hemat
537,18,Female,Senior,Biology,11600000,2368000,2550400.0,3086400.0,946400.0,787200.0,377600.0,657600.0,425600.0,1490400.0,1058400.0,235200.0,Credit/Debit Card,13968000,11615200.0,2352800.0,0.8315578465063002,25.26,Bahaya,1,Mahasiswa Boros / Defisit
538,20,Male,Senior,Biology,8400000,656000,2454933.0,4267200.0,1047200.0,408000.0,755200.0,115200.0,476000.0,540000.0,884800.0,604800.0,Cash,9056000,11553333.0,-2497333.0,1.275765569787986,14.86,Bahaya,1,Mahasiswa Boros / Defisit
539,25,Non-binary,Junior,Biology,16096000,4688000,1811733.0,2798400.0,935200.0,355200.0,1248000.0,105600.0,420000.0,554400.0,974400.0,599200.0,Mobile Payment App,20784000,9802133.0,10981867.0,0.4716191782140108,63.65,Stabil,0,Mahasiswa Mapan & Hemat
540,20,Male,Sophomore,Biology,13952000,10576000,2841600.0,2256000.0,1232000.0,801600.0,1593600.0,585600.0,263200.0,1094400.0,285600.0,716800.0,Mobile Payment App,24528000,11670400.0,12857600.0,0.4757990867579909,61.99,Waspada,0,Mahasiswa Mapan & Hemat
541,20,Non-binary,Senior,Engineering,8784000,4832000,3151467.0,1963200.0,1512000.0,316800.0,748800.0,292800.0,420000.0,2001600.0,739200.0,168000.0,Credit/Debit Card,13616000,11313867.0,2302133.0,0.8309244271445358,22.92,Bahaya,1,Mahasiswa Boros / Defisit
542,20,Non-binary,Junior,Engineering,14160000,6080000,3049067.0,3484800.0,756000.0,288000.0,384000.0,331200.0,151200.0,914400.0,487200.0,1002400.0,Cash,20240000,10848267.0,9391733.0,0.535981571146245,57.06,Waspada,0,Mahasiswa Mapan & Hemat
543,19,Female,Senior,Computer Science,19152000,12352000,2254400.0,3336000.0,1008000.0,436800.0,665600.0,508800.0,173600.0,1274400.0,268800.0,117600.0,Mobile Payment App,31504000,10044000.0,21460000.0,0.31881665820213306,71.53,Sangat Sehat,0,Mahasiswa Mapan & Hemat
544,25,Male,Senior,Psychology,8624000,6864000,2985600.0,4171200.0,1170400.0,340800.0,678400.0,556800.0,229600.0,864000.0,834400.0,201600.0,Cash,15488000,12032800.0,3455200.0,0.7769111570247934,31.71,Bahaya,1,Mahasiswa Boros / Defisit
545,22,Male,Sophomore,Computer Science,12864000,14576000,2032000.0,2769600.0,1629600.0,801600.0,1881600.0,307200.0,358400.0,1915200.0,750400.0,767200.0,Cash,27440000,13212800.0,14227200.0,0.4815160349854227,62.55,Stabil,0,Mahasiswa Mapan & Hemat
546,25,Non-binary,Sophomore,Economics,17744000,4624000,1772800.0,4540800.0,2010400.0,590400.0,1740800.0,422400.0,151200.0,1015200.0,599200.0,700000.0,Mobile Payment App,22368000,13543200.0,8824800.0,0.6054721030042919,51.15,Waspada,1,Mahasiswa Boros / Defisit
547,25,Female,Senior,Computer Science,18016000,12336000,1667200.0,3950400.0,2094400.0,600000.0,1376000.0,432000.0,431200.0,1742400.0,627200.0,554400.0,Credit/Debit Card,30352000,13475200.0,16876800.0,0.4439641539272536,67.03,Sangat Sehat,0,Mahasiswa Mapan & Hemat
548,22,Non-binary,Junior,Economics,13584000,3664000,2744000.0,3984000.0,2038400.0,542400.0,755200.0,288000.0,196000.0,1706400.0,980000.0,1075200.0,Cash,17248000,14309600.0,2938400.0,0.8296382189239332,26.74,Bahaya,1,Mahasiswa Boros / Defisit
549,23,Non-binary,Sophomore,Psychology,8048000,2528000,2467733.0,3340800.0,2021600.0,580800.0,870400.0,676800.0,336000.0,684000.0,778400.0,403200.0,Credit/Debit Card,10576000,12159733.0,-1583733.0,1.1497478252647504,14.66,Bahaya,1,Mahasiswa Boros / Defisit
550,20,Male,Senior,Biology,20688000,7184000,1991467.0,4382400.0,1814400.0,715200.0,857600.0,494400.0,481600.0,2073600.0,733600.0,672000.0,Mobile Payment App,27872000,14216267.0,13655733.0,0.5100555037313432,63.0,Stabil,0,Mahasiswa Mapan & Hemat
551,20,Male,Junior,Biology,14448000,1536000,2248000.0,2409600.0,1646400.0,369600.0,1024000.0,460800.0,128800.0,626400.0,901600.0,408800.0,Credit/Debit Card,15984000,10224000.0,5760000.0,0.6396396396396397,44.3,Bahaya,1,Mahasiswa Boros / Defisit
552,23,Non-binary,Junior,Psychology,18384000,10960000,2938667.0,2414400.0,1724800.0,820800.0,1318400.0,691200.0,459200.0,784800.0,1097600.0,336000.0,Credit/Debit Card,29344000,12585867.0,16758133.0,0.4289076812977099,64.67,Stabil,0,Mahasiswa Mapan & Hemat
553,20,Non-binary,Freshman,Biology,21808000,8576000,1940800.0,2572800.0,739200.0,657600.0,1478400.0,513600.0,509600.0,1497600.0,1036000.0,403200.0,Mobile Payment App,30384000,11348800.0,19035200.0,0.3735123749341759,65.55,Stabil,0,Mahasiswa Mapan & Hemat
554,19,Non-binary,Junior,Engineering,16896000,15344000,2488000.0,2846400.0,560000.0,753600.0,1369600.0,542400.0,280000.0,2059200.0,487200.0,1120000.0,Cash,32240000,12506400.0,19733600.0,0.38791563275434243,64.46,Stabil,0,Mahasiswa Mapan & Hemat
555,18,Male,Senior,Engineering,19920000,1280000,1633600.0,4012800.0,2223200.0,652800.0,569600.0,528000.0,162400.0,1116000.0,330400.0,1041600.0,Mobile Payment App,21200000,12270400.0,8929600.0,0.5787924528301887,55.52,Waspada,1,Mahasiswa Boros / Defisit
556,25,Female,Senior,Computer Science,18384000,6192000,3063467.0,4075200.0,1685600.0,537600.0,1036800.0,676800.0,414400.0,640800.0,599200.0,604800.0,Mobile Payment App,24576000,13334667.0,11241333.0,0.5425889892578125,57.76,Waspada,0,Mahasiswa Mapan & Hemat
557,19,Female,Freshman,Psychology,19616000,12768000,2168533.0,2371200.0,1960000.0,921600.0,1017600.0,163200.0,291200.0,1627200.0,761600.0,347200.0,Cash,32384000,11629333.0,20754667.0,0.35910736783596836,69.19,Sangat Sehat,0,Mahasiswa Mapan & Hemat
558,22,Non-binary,Freshman,Engineering,15440000,6192000,2124267.0,2236800.0,1148000.0,916800.0,742400.0,312000.0,341600.0,1382400.0,537600.0,1052800.0,Mobile Payment App,21632000,10794667.0,10837333.0,0.49901382211538464,61.99,Waspada,0,Mahasiswa Mapan & Hemat
559,21,Male,Freshman,Engineering,21408000,14224000,2643200.0,3158400.0,1002400.0,379200.0,966400.0,556800.0,168000.0,835200.0,1069600.0,134400.0,Credit/Debit Card,35632000,10913600.0,24718400.0,0.30628648405927256,70.23,Sangat Sehat,0,Mahasiswa Mapan & Hemat
560,20,Male,Senior,Engineering,22624000,12976000,2741867.0,3609600.0,1041600.0,667200.0,1088000.0,307200.0,257600.0,1065600.0,173600.0,537600.0,Credit/Debit Card,35600000,11489867.0,24110133.0,0.32274907303370787,70.98,Sangat Sehat,0,Mahasiswa Mapan & Hemat
561,24,Non-binary,Junior,Psychology,19712000,10368000,2799467.0,2328000.0,1388800.0,249600.0,409600.0,451200.0,420000.0,2016000.0,268800.0,257600.0,Mobile Payment App,30080000,10589067.0,19490933.0,0.3520301529255319,67.16,Sangat Sehat,0,Mahasiswa Mapan & Hemat
562,18,Male,Freshman,Engineering,8448000,9792000,2141333.0,2289600.0,1601600.0,417600.0,595200.0,139200.0,425600.0,2102400.0,980000.0,364000.0,Cash,18240000,11056533.0,7183467.0,0.6061695723684211,46.94,Waspada,1,Mahasiswa Boros / Defisit
563,22,Male,Sophomore,Computer Science,22032000,8000000,2584533.0,2313600.0,1876000.0,638400.0,556800.0,158400.0,319200.0,1159200.0,459200.0,548800.0,Credit/Debit Card,30032000,10614133.0,19417867.0,0.3534274440596697,69.51,Sangat Sehat,0,Mahasiswa Mapan & Hemat
564,23,Non-binary,Freshman,Computer Science,17248000,13712000,2657600.0,4257600.0,1388800.0,729600.0,1350400.0,249600.0,134400.0,1296000.0,593600.0,728000.0,Credit/Debit Card,30960000,13385600.0,17574400.0,0.4323514211886305,67.0,Sangat Sehat,0,Mahasiswa Mapan & Hemat
565,20,Male,Sophomore,Computer Science,12256000,14816000,2676800.0,4310400.0,1265600.0,288000.0,1113600.0,412800.0,123200.0,1353600.0,823200.0,621600.0,Cash,27072000,12988800.0,14083200.0,0.4797872340425532,64.35,Stabil,0,Mahasiswa Mapan & Hemat
566,22,Non-binary,Senior,Engineering,20624000,4048000,2645333.0,2539200.0,1282400.0,283200.0,1164800.0,168000.0,358400.0,691200.0,688800.0,431200.0,Credit/Debit Card,24672000,10252533.0,14419467.0,0.41555338035019457,65.39,Stabil,0,Mahasiswa Mapan & Hemat
567,21,Male,Sophomore,Economics,14192000,13200000,2638933.0,3508800.0,1730400.0,931200.0,384000.0,523200.0,481600.0,907200.0,991200.0,784000.0,Cash,27392000,12880533.0,14511467.0,0.4702297386098131,65.56,Stabil,0,Mahasiswa Mapan & Hemat
568,18,Male,Sophomore,Biology,16640000,11536000,1602133.0,4411200.0,1153600.0,388800.0,1260800.0,230400.0,336000.0,1144800.0,739200.0,392000.0,Cash,28176000,11658933.0,16517067.0,0.41378950170357753,68.77,Sangat Sehat,0,Mahasiswa Mapan & Hemat
569,21,Female,Senior,Engineering,15040000,15568000,3153067.0,4564800.0,1971200.0,518400.0,396800.0,297600.0,392000.0,1792800.0,548800.0,840000.0,Credit/Debit Card,30608000,14475467.0,16132533.0,0.4729308350757972,65.7,Stabil,0,Mahasiswa Mapan & Hemat
570,25,Male,Sophomore,Biology,14320000,14784000,3058133.0,2347200.0,879200.0,451200.0,588800.0,100800.0,128800.0,1879200.0,319200.0,632800.0,Mobile Payment App,29104000,10385333.0,18718667.0,0.35683524601429356,66.35,Stabil,0,Mahasiswa Mapan & Hemat
571,25,Male,Sophomore,Psychology,17808000,6048000,2080533.0,2558400.0,1125600.0,638400.0,998400.0,700800.0,341600.0,1036800.0,453600.0,487200.0,Credit/Debit Card,23856000,10421333.0,13434667.0,0.4368432679409792,64.97,Stabil,0,Mahasiswa Mapan & Hemat
572,24,Non-binary,Freshman,Biology,15712000,9008000,2681067.0,3984000.0,1478400.0,604800.0,1363200.0,249600.0,347200.0,2131200.0,879200.0,302400.0,Cash,24720000,14021067.0,10698933.0,0.5671952669902912,53.19,Waspada,1,Mahasiswa Boros / Defisit
573,22,Male,Freshman,Psychology,22416000,6272000,2670933.0,3691200.0,1853600.0,715200.0,1792000.0,182400.0,184800.0,720000.0,840000.0,935200.0,Credit/Debit Card,28688000,13585333.0,15102667.0,0.4735545524261015,64.88,Stabil,0,Mahasiswa Mapan & Hemat
574,18,Male,Sophomore,Psychology,12352000,1152000,3141867.0,3672000.0,2010400.0,638400.0,326400.0,110400.0,341600.0,1800000.0,716800.0,957600.0,Mobile Payment App,13504000,13715467.0,-211467.0,1.0156595823459715,13.83,Bahaya,1,Mahasiswa Boros / Defisit
575,20,Male,Senior,Economics,14592000,6192000,2061867.0,2337600.0,1461600.0,955200.0,1440000.0,552000.0,190400.0,1324800.0,1103200.0,806400.0,Credit/Debit Card,20784000,12233067.0,8550933.0,0.5885809757505773,49.09,Waspada,1,Mahasiswa Boros / Defisit
576,23,Female,Sophomore,Economics,15136000,13744000,2794667.0,1963200.0,2128000.0,859200.0,947200.0,388800.0,330400.0,727200.0,778400.0,537600.0,Cash,28880000,11454667.0,17425333.0,0.396629743767313,67.1,Sangat Sehat,0,Mahasiswa Mapan & Hemat
577,23,Non-binary,Junior,Biology,13344000,13728000,2599467.0,2712000.0,711200.0,489600.0,1382400.0,571200.0,520800.0,1029600.0,806400.0,459200.0,Mobile Payment App,27072000,11281867.0,15790133.0,0.41673563091016547,63.74,Stabil,0,Mahasiswa Mapan & Hemat
578,24,Male,Freshman,Psychology,11120000,7312000,1741333.0,2102400.0,1904000.0,369600.0,697600.0,302400.0,134400.0,1447200.0,767200.0,459200.0,Cash,18432000,9925333.0,8506667.0,0.5384837782118056,57.4,Waspada,0,Mahasiswa Mapan & Hemat
579,20,Male,Sophomore,Biology,23664000,6368000,2942400.0,4099200.0,1332800.0,446400.0,1625600.0,566400.0,123200.0,1029600.0,201600.0,375200.0,Cash,30032000,12742400.0,17289600.0,0.4242940863079382,66.87,Sangat Sehat,0,Mahasiswa Mapan & Hemat
580,21,Non-binary,Sophomore,Economics,15904000,7504000,2017600.0,1992000.0,806400.0,825600.0,851200.0,196800.0,492800.0,2044800.0,649600.0,1114400.0,Mobile Payment App,23408000,10991200.0,12416800.0,0.4695488721804511,61.11,Waspada,0,Mahasiswa Mapan & Hemat
581,25,Female,Sophomore,Biology,13488000,8880000,2704533.0,2899200.0,705600.0,936000.0,1235200.0,513600.0,296800.0,1144800.0,274400.0,403200.0,Mobile Payment App,22368000,11113333.0,11254667.0,0.4968407099427754,62.38,Stabil,0,Mahasiswa Mapan & Hemat
582,21,Non-binary,Junior,Biology,22592000,10736000,3200000.0,4401600.0,1652000.0,916800.0,659200.0,105600.0,476000.0,2138400.0,347200.0,784000.0,Mobile Payment App,33328000,14680800.0,18647200.0,0.4404944791166587,66.62,Sangat Sehat,0,Mahasiswa Mapan & Hemat
583,22,Male,Junior,Computer Science,11632000,3808000,2855467.0,3518400.0,1820000.0,873600.0,992000.0,201600.0,453600.0,1584000.0,1114400.0,985600.0,Credit/Debit Card,15440000,14398667.0,1041333.0,0.9325561528497409,17.81,Bahaya,1,Mahasiswa Boros / Defisit
584,25,Male,Sophomore,Computer Science,9952000,10272000,2473067.0,4137600.0,1624000.0,960000.0,1702400.0,100800.0,246400.0,1648800.0,940800.0,431200.0,Mobile Payment App,20224000,14265067.0,5958933.0,0.7053533920094937,38.45,Bahaya,1,Mahasiswa Boros / Defisit
585,23,Female,Senior,Computer Science,22272000,3152000,1685867.0,4579200.0,1607200.0,484800.0,1075200.0,264000.0,291200.0,1296000.0,756000.0,554400.0,Credit/Debit Card,25424000,12593867.0,12830133.0,0.4953534848961611,66.08,Stabil,0,Mahasiswa Mapan & Hemat
586,19,Male,Sophomore,Computer Science,23856000,12944000,2626133.0,3801600.0,1069600.0,691200.0,1836800.0,388800.0,201600.0,1605600.0,582400.0,1041600.0,Credit/Debit Card,36800000,13845333.0,22954667.0,0.376231875,67.0,Sangat Sehat,0,Mahasiswa Mapan & Hemat
587,22,Non-binary,Junior,Engineering,16608000,8640000,2334933.0,3796800.0,1131200.0,446400.0,1177600.0,504000.0,268800.0,1828800.0,442400.0,896000.0,Mobile Payment App,25248000,12826933.0,12421067.0,0.5080375871356148,61.3,Waspada,0,Mahasiswa Mapan & Hemat
588,24,Female,Junior,Biology,13664000,8016000,1743467.0,4752000.0,1394400.0,950400.0,1580800.0,648000.0,151200.0,381600.0,548800.0,375200.0,Mobile Payment App,21680000,12525867.0,9154133.0,0.5777613929889299,55.81,Waspada,0,Mahasiswa Mapan & Hemat
589,21,Male,Sophomore,Biology,22640000,11008000,2779200.0,4113600.0,1422400.0,748800.0,1760000.0,710400.0,302400.0,1634400.0,666400.0,487200.0,Cash,33648000,14624800.0,19023200.0,0.434640989063243,65.51,Stabil,0,Mahasiswa Mapan & Hemat
590,18,Non-binary,Senior,Economics,18176000,6944000,2411733.0,3081600.0,806400.0,580800.0,1401600.0,715200.0,448000.0,1353600.0,302400.0,817600.0,Mobile Payment App,25120000,11918933.0,13201067.0,0.4744798168789809,62.27,Stabil,0,Mahasiswa Mapan & Hemat
591,22,Non-binary,Senior,Computer Science,15536000,1600000,1944000.0,4699200.0,912800.0,643200.0,320000.0,408000.0,481600.0,1922400.0,1080800.0,448000.0,Credit/Debit Card,17136000,12860000.0,4276000.0,0.7504668534080299,34.55,Bahaya,1,Mahasiswa Boros / Defisit
592,20,Non-binary,Senior,Economics,17840000,496000,2776533.0,2121600.0,1859200.0,715200.0,1465600.0,556800.0,386400.0,1958400.0,576800.0,896000.0,Mobile Payment App,18336000,13312533.0,5023467.0,0.7260325589005235,32.86,Bahaya,1,Mahasiswa Boros / Defisit
593,20,Non-binary,Freshman,Biology,8368000,4464000,2547733.0,2001600.0,1433600.0,902400.0,998400.0,504000.0,431200.0,1375200.0,767200.0,229600.0,Cash,12832000,11190933.0,1641067.0,0.8721113622194514,21.14,Bahaya,1,Mahasiswa Boros / Defisit
594,24,Non-binary,Junior,Psychology,8528000,13040000,2997333.0,4080000.0,1136800.0,796800.0,1408000.0,436800.0,190400.0,1692000.0,218400.0,772800.0,Credit/Debit Card,21568000,13729333.0,7838667.0,0.6365603208456974,44.81,Bahaya,1,Mahasiswa Boros / Defisit
595,19,Female,Sophomore,Psychology,18064000,13312000,2072000.0,3316800.0,733600.0,705600.0,1395200.0,182400.0,212800.0,2102400.0,940800.0,560000.0,Cash,31376000,12221600.0,19154400.0,0.3895206527281999,66.09,Stabil,0,Mahasiswa Mapan & Hemat
596,22,Non-binary,Senior,Economics,11824000,14128000,1652800.0,4320000.0,1573600.0,532800.0,691200.0,580800.0,162400.0,1159200.0,767200.0,257600.0,Credit/Debit Card,25952000,11697600.0,14254400.0,0.45073982737361284,68.45,Sangat Sehat,0,Mahasiswa Mapan & Hemat
597,18,Female,Senior,Engineering,17584000,6768000,1968000.0,4670400.0,1607200.0,470400.0,1728000.0,700800.0,560000.0,979200.0,716800.0,722400.0,Mobile Payment App,24352000,14123200.0,10228800.0,0.5799605781865966,52.86,Waspada,1,Mahasiswa Boros / Defisit
598,25,Non-binary,Junior,Psychology,9760000,2368000,2887467.0,4257600.0,1433600.0,273600.0,1337600.0,403200.0,425600.0,1584000.0,1030400.0,582400.0,Mobile Payment App,12128000,14215467.0,-2087467.0,1.1721196405013192,12.59,Bahaya,1,Mahasiswa Boros / Defisit
599,23,Male,Junior,Biology,20880000,10272000,2968533.0,4051200.0,1534400.0,576000.0,1139200.0,134400.0,156800.0,1288800.0,683200.0,408800.0,Credit/Debit Card,31152000,12941333.0,18210667.0,0.4154254301489471,67.67,Sangat Sehat,0,Mahasiswa Mapan & Hemat
600,23,Female,Freshman,Engineering,20208000,11904000,1796800.0,3960000.0,789600.0,561600.0,864000.0,216000.0,218400.0,1144800.0,884800.0,638400.0,Cash,32112000,11074400.0,21037600.0,0.3448679621325361,70.59,Sangat Sehat,0,Mahasiswa Mapan & Hemat
601,23,Female,Freshman,Engineering,10496000,13376000,1912533.0,3696000.0,963200.0,532800.0,1670400.0,374400.0,554400.0,1274400.0,812000.0,414400.0,Cash,23872000,12204533.0,11667467.0,0.5112488689678284,60.99,Waspada,0,Mahasiswa Mapan & Hemat
602,22,Female,Junior,Economics,15600000,6496000,2056000.0,3609600.0,1394400.0,446400.0,780800.0,600000.0,313600.0,1303200.0,576800.0,280000.0,Credit/Debit Card,22096000,11360800.0,10735200.0,0.5141564083997103,62.17,Stabil,0,Mahasiswa Mapan & Hemat
603,25,Male,Freshman,Computer Science,23344000,15936000,2643733.0,4281600.0,795200.0,244800.0,1555200.0,614400.0,464800.0,943200.0,358400.0,196000.0,Mobile Payment App,39280000,12097333.0,27182667.0,0.3079769093686354,70.88,Sangat Sehat,0,Mahasiswa Mapan & Hemat
604,25,Non-binary,Junior,Biology,20832000,1840000,1741333.0,2692800.0,1411200.0,422400.0,1254400.0,403200.0,151200.0,1137600.0,700000.0,677600.0,Mobile Payment App,22672000,10591733.0,12080267.0,0.46717241531404374,64.13,Stabil,0,Mahasiswa Mapan & Hemat
605,18,Female,Senior,Computer Science,17840000,11344000,2530667.0,3518400.0,1467200.0,566400.0,1260800.0,465600.0,442400.0,1310400.0,179200.0,291200.0,Mobile Payment App,29184000,12032267.0,17151733.0,0.41228985060307016,67.35,Sangat Sehat,0,Mahasiswa Mapan & Hemat
606,24,Non-binary,Freshman,Engineering,13056000,10528000,2460800.0,2390400.0,1013600.0,494400.0,345600.0,321600.0,380800.0,2073600.0,912800.0,789600.0,Mobile Payment App,23584000,11183200.0,12400800.0,0.47418588873812756,61.49,Waspada,0,Mahasiswa Mapan & Hemat
607,24,Non-binary,Freshman,Engineering,21728000,512000,3017600.0,3340800.0,761600.0,369600.0,1382400.0,336000.0,498400.0,741600.0,504000.0,912800.0,Mobile Payment App,22240000,11864800.0,10375200.0,0.5334892086330936,56.2,Waspada,0,Mahasiswa Mapan & Hemat
608,20,Female,Junior,Psychology,16864000,1392000,3004800.0,4790400.0,1489600.0,816000.0,1222400.0,657600.0,560000.0,1260000.0,526400.0,453600.0,Cash,18256000,14780800.0,3475200.0,0.8096406660823838,29.07,Bahaya,1,Mahasiswa Boros / Defisit
609,24,Non-binary,Freshman,Engineering,21952000,3328000,2424000.0,3211200.0,1467200.0,364800.0,1350400.0,662400.0,464800.0,2095200.0,408800.0,610400.0,Credit/Debit Card,25280000,13059200.0,12220800.0,0.5165822784810127,59.0,Waspada,0,Mahasiswa Mapan & Hemat
610,24,Non-binary,Sophomore,Engineering,17616000,8128000,1982933.0,2030400.0,1909600.0,744000.0,1862400.0,532800.0,420000.0,1893600.0,683200.0,291200.0,Mobile Payment App,25744000,12350133.0,13393867.0,0.4797285969546302,62.19,Stabil,0,Mahasiswa Mapan & Hemat
611,23,Male,Junior,Engineering,20128000,15024000,2486400.0,3576000.0,1400000.0,580800.0,1523200.0,484800.0,336000.0,1893600.0,190400.0,632800.0,Cash,35152000,13104000.0,22048000.0,0.3727810650887574,67.81,Sangat Sehat,0,Mahasiswa Mapan & Hemat
612,23,Male,Freshman,Biology,22384000,10608000,2546667.0,2937600.0,1618400.0,811200.0,742400.0,710400.0,414400.0,1720800.0,1114400.0,459200.0,Cash,32992000,13075467.0,19916533.0,0.3963223508729389,66.46,Stabil,0,Mahasiswa Mapan & Hemat
613,21,Male,Senior,Biology,23504000,9472000,3032000.0,2424000.0,1523200.0,268800.0,1529600.0,110400.0,319200.0,1159200.0,599200.0,1024800.0,Cash,32976000,11990400.0,20985600.0,0.3636098981077147,66.0,Stabil,0,Mahasiswa Mapan & Hemat
614,23,Male,Sophomore,Engineering,8960000,4800000,2642133.0,2659200.0,560000.0,585600.0,1113600.0,523200.0,515200.0,1353600.0,380800.0,644000.0,Cash,13760000,10977333.0,2782667.0,0.7977712936046512,26.09,Bahaya,1,Mahasiswa Boros / Defisit
615,24,Male,Freshman,Engineering,8432000,5392000,2841600.0,2217600.0,1954400.0,820800.0,1843200.0,696000.0,515200.0,1735200.0,672000.0,700000.0,Credit/Debit Card,13824000,13996000.0,-172000.0,1.0124421296296295,10.7,Bahaya,1,Mahasiswa Boros / Defisit
616,20,Male,Freshman,Biology,18640000,4512000,1740800.0,4171200.0,739200.0,436800.0,1632000.0,268800.0,207200.0,612000.0,1047200.0,341600.0,Mobile Payment App,23152000,11196800.0,11955200.0,0.48362128541810645,64.98,Stabil,0,Mahasiswa Mapan & Hemat
617,25,Male,Junior,Computer Science,15936000,11072000,2481600.0,3672000.0,1965600.0,710400.0,1555200.0,148800.0,324800.0,532800.0,1069600.0,985600.0,Credit/Debit Card,27008000,13446400.0,13561600.0,0.49786729857819906,64.25,Stabil,0,Mahasiswa Mapan & Hemat
618,24,Male,Junior,Engineering,10080000,8448000,2133867.0,4420800.0,2111200.0,926400.0,556800.0,681600.0,336000.0,1116000.0,285600.0,324800.0,Cash,18528000,12893067.0,5634933.0,0.6958693329015544,42.63,Bahaya,1,Mahasiswa Boros / Defisit
619,19,Male,Junior,Engineering,8672000,3280000,2473600.0,4022400.0,1859200.0,321600.0,1516800.0,355200.0,448000.0,1476000.0,649600.0,980000.0,Mobile Payment App,11952000,14102400.0,-2150400.0,1.1799196787148594,13.2,Bahaya,1,Mahasiswa Boros / Defisit
620,19,Non-binary,Freshman,Psychology,10368000,14864000,2290133.0,3340800.0,1495200.0,499200.0,1376000.0,379200.0,537600.0,2059200.0,196000.0,246400.0,Credit/Debit Card,25232000,12419733.0,12812267.0,0.49222150443880786,63.2,Stabil,0,Mahasiswa Mapan & Hemat
621,22,Non-binary,Senior,Computer Science,10224000,11184000,2466667.0,2222400.0,1892800.0,384000.0,1696000.0,244800.0,448000.0,2124000.0,576800.0,767200.0,Credit/Debit Card,21408000,12822667.0,8585333.0,0.5989661341554559,46.65,Waspada,1,Mahasiswa Boros / Defisit
622,18,Non-binary,Sophomore,Engineering,11664000,10640000,2380800.0,3216000.0,2116800.0,585600.0,1222400.0,696000.0,526400.0,1425600.0,946400.0,565600.0,Cash,22304000,13681600.0,8622400.0,0.6134146341463415,47.35,Waspada,1,Mahasiswa Boros / Defisit
623,19,Male,Junior,Computer Science,16336000,7568000,2460800.0,4200000.0,1579200.0,273600.0,1222400.0,201600.0,224000.0,1101600.0,593600.0,879200.0,Mobile Payment App,23904000,12736000.0,11168000.0,0.5327978580990629,59.25,Waspada,0,Mahasiswa Mapan & Hemat
624,23,Male,Senior,Economics,19664000,12704000,2649600.0,4574400.0,1209600.0,408000.0,544000.0,686400.0,207200.0,2016000.0,526400.0,1036000.0,Credit/Debit Card,32368000,13857600.0,18510400.0,0.4281265447355413,66.28,Stabil,0,Mahasiswa Mapan & Hemat
625,21,Male,Junior,Engineering,10560000,3312000,2861333.0,2625600.0,1086400.0,283200.0,716800.0,470400.0,128800.0,1648800.0,940800.0,358400.0,Credit/Debit Card,13872000,11120533.0,2751467.0,0.8016531862745098,26.13,Bahaya,1,Mahasiswa Boros / Defisit
626,21,Non-binary,Freshman,Computer Science,21488000,96000,1654933.0,3643200.0,1332800.0,360000.0,1849600.0,513600.0,229600.0,1224000.0,498400.0,246400.0,Cash,21584000,11552533.0,10031467.0,0.535235961823573,58.5,Waspada,0,Mahasiswa Mapan & Hemat
627,25,Non-binary,Junior,Computer Science,13328000,6560000,2433067.0,2520000.0,1848000.0,240000.0,1568000.0,537600.0,498400.0,950400.0,767200.0,868000.0,Cash,19888000,12230667.0,7657333.0,0.6149772224456959,45.49,Bahaya,1,Mahasiswa Boros / Defisit
628,22,Male,Freshman,Computer Science,8880000,816000,2698667.0,2563200.0,1982400.0,331200.0,409600.0,158400.0,268800.0,547200.0,235200.0,145600.0,Cash,9696000,9340267.0,355733.0,0.9633113655115512,18.27,Bahaya,1,Mahasiswa Boros / Defisit
629,22,Male,Freshman,Engineering,8656000,1504000,2865600.0,1963200.0,1478400.0,379200.0,1843200.0,283200.0,240800.0,813600.0,980000.0,184800.0,Credit/Debit Card,10160000,11032000.0,-872000.0,1.0858267716535432,10.39,Bahaya,1,Mahasiswa Boros / Defisit
630,22,Non-binary,Senior,Economics,11968000,4736000,2113067.0,3460800.0,2178400.0,340800.0,691200.0,427200.0,520800.0,763200.0,1041600.0,952000.0,Credit/Debit Card,16704000,12489067.0,4214933.0,0.7476692409003831,34.58,Bahaya,1,Mahasiswa Boros / Defisit
631,21,Female,Sophomore,Engineering,23632000,7952000,2286400.0,4084800.0,1657600.0,254400.0,608000.0,643200.0,341600.0,1029600.0,487200.0,750400.0,Cash,31584000,12143200.0,19440800.0,0.38447315096251267,69.44,Sangat Sehat,0,Mahasiswa Mapan & Hemat
632,22,Non-binary,Senior,Biology,19776000,3024000,3016000.0,3710400.0,980000.0,696000.0,1638400.0,585600.0,336000.0,1029600.0,660800.0,946400.0,Credit/Debit Card,22800000,13599200.0,9200800.0,0.5964561403508772,48.32,Waspada,1,Mahasiswa Boros / Defisit
633,25,Male,Freshman,Biology,9472000,10512000,2027200.0,4507200.0,767200.0,609600.0,1792000.0,283200.0,420000.0,1908000.0,392000.0,476000.0,Cash,19984000,13182400.0,6801600.0,0.6596477181745396,42.48,Bahaya,1,Mahasiswa Boros / Defisit
634,25,Female,Senior,Computer Science,8928000,13280000,2475733.0,4296000.0,1954400.0,427200.0,1747200.0,216000.0,464800.0,568800.0,683200.0,800800.0,Mobile Payment App,22208000,13634133.0,8573867.0,0.6139288994956772,49.0,Waspada,1,Mahasiswa Boros / Defisit
635,23,Male,Sophomore,Engineering,14800000,6624000,2198933.0,3724800.0,996800.0,508800.0,1715200.0,504000.0,218400.0,1447200.0,806400.0,604800.0,Credit/Debit Card,21424000,12725333.0,8698667.0,0.5939755881254668,49.08,Waspada,1,Mahasiswa Boros / Defisit
636,18,Male,Senior,Computer Science,11504000,7968000,2016000.0,2371200.0,1747200.0,715200.0,710400.0,604800.0,408800.0,432000.0,319200.0,946400.0,Mobile Payment App,19472000,10271200.0,9200800.0,0.5274856203779786,59.89,Waspada,0,Mahasiswa Mapan & Hemat
637,24,Female,Junior,Engineering,15696000,14000000,1741867.0,4089600.0,1125600.0,801600.0,652800.0,566400.0,403200.0,892800.0,347200.0,616000.0,Credit/Debit Card,29696000,11237067.0,18458933.0,0.37840338766163795,70.93,Sangat Sehat,0,Mahasiswa Mapan & Hemat
638,25,Non-binary,Senior,Economics,22096000,14112000,1975467.0,2227200.0,1506400.0,422400.0,1644800.0,504000.0,263200.0,763200.0,756000.0,369600.0,Credit/Debit Card,36208000,10432267.0,25775733.0,0.2881204982324348,70.43,Sangat Sehat,0,Mahasiswa Mapan & Hemat
639,18,Non-binary,Sophomore,Biology,14864000,2016000,1790400.0,2952000.0,1814400.0,350400.0,1036800.0,720000.0,324800.0,1519200.0,487200.0,431200.0,Cash,16880000,11426400.0,5453600.0,0.6769194312796208,40.68,Bahaya,1,Mahasiswa Boros / Defisit
640,24,Male,Junior,Biology,19920000,14496000,2907733.0,2203200.0,1428000.0,614400.0,608000.0,211200.0,263200.0,2073600.0,1092000.0,1069600.0,Mobile Payment App,34416000,12470933.0,21945067.0,0.36235858321710834,65.72,Stabil,0,Mahasiswa Mapan & Hemat
641,20,Female,Junior,Economics,11056000,5440000,2025600.0,3590400.0,851200.0,254400.0,1676800.0,566400.0,509600.0,806400.0,912800.0,397600.0,Mobile Payment App,16496000,11591200.0,4904800.0,0.7026673132880699,36.74,Bahaya,1,Mahasiswa Boros / Defisit
642,24,Female,Freshman,Psychology,21216000,7984000,2854933.0,4089600.0,722400.0,796800.0,1171200.0,436800.0,476000.0,2095200.0,302400.0,789600.0,Credit/Debit Card,29200000,13734933.0,15465067.0,0.4703744178082192,63.44,Stabil,0,Mahasiswa Mapan & Hemat
643,18,Non-binary,Junior,Psychology,16000000,3248000,2772800.0,2683200.0,2077600.0,499200.0,921600.0,336000.0,352800.0,734400.0,532000.0,588000.0,Credit/Debit Card,19248000,11497600.0,7750400.0,0.5973399833748961,50.05,Waspada,1,Mahasiswa Boros / Defisit
644,25,Male,Junior,Computer Science,9472000,10592000,2784533.0,3331200.0,666400.0,446400.0,1760000.0,441600.0,324800.0,374400.0,1008000.0,896000.0,Credit/Debit Card,20064000,12033333.0,8030667.0,0.5997474581339713,47.11,Waspada,1,Mahasiswa Boros / Defisit
645,22,Male,Senior,Economics,19632000,3616000,1950933.0,4564800.0,1220800.0,955200.0,1523200.0,350400.0,442400.0,806400.0,1097600.0,375200.0,Mobile Payment App,23248000,13286933.0,9961067.0,0.5715301531314522,54.85,Waspada,0,Mahasiswa Mapan & Hemat
646,20,Female,Sophomore,Engineering,9200000,8544000,2789867.0,2428800.0,2116800.0,316800.0,902400.0,316800.0,420000.0,403200.0,856800.0,554400.0,Cash,17744000,11105867.0,6638133.0,0.6258942177637511,46.03,Waspada,1,Mahasiswa Boros / Defisit
647,19,Female,Junior,Engineering,20768000,5168000,1872000.0,2131200.0,1243200.0,806400.0,1414400.0,470400.0,341600.0,1260000.0,744800.0,386400.0,Credit/Debit Card,25936000,10670400.0,15265600.0,0.41141270820481185,65.3,Stabil,0,Mahasiswa Mapan & Hemat
648,23,Male,Sophomore,Engineering,18256000,7712000,1931200.0,2745600.0,677600.0,883200.0,691200.0,196800.0,308000.0,669600.0,705600.0,481600.0,Cash,25968000,9290400.0,16677600.0,0.3577634011090573,69.6,Sangat Sehat,0,Mahasiswa Mapan & Hemat
649,25,Male,Senior,Biology,11248000,10464000,3160533.0,3528000.0,1652000.0,480000.0,1779200.0,187200.0,448000.0,1000800.0,996800.0,1064000.0,Credit/Debit Card,21712000,14296533.0,7415467.0,0.6584622789240973,41.1,Bahaya,1,Mahasiswa Boros / Defisit
650,23,Female,Freshman,Economics,14864000,2560000,1837333.0,2006400.0,1192800.0,398400.0,1017600.0,417600.0,302400.0,396000.0,1108800.0,756000.0,Mobile Payment App,17424000,9433333.0,7990667.0,0.5413988177226814,55.2,Waspada,0,Mahasiswa Mapan & Hemat
651,23,Non-binary,Junior,Engineering,22640000,15520000,1970133.0,2462400.0,828800.0,753600.0,1900800.0,499200.0,235200.0,2116800.0,862400.0,901600.0,Mobile Payment App,38160000,12530933.0,25629067.0,0.32837874737945494,66.55,Stabil,0,Mahasiswa Mapan & Hemat
652,18,Non-binary,Senior,Engineering,21744000,6192000,3065067.0,4776000.0,1472800.0,926400.0,1574400.0,153600.0,128800.0,1094400.0,616000.0,672000.0,Credit/Debit Card,27936000,14479467.0,13456533.0,0.5183085266323024,62.01,Waspada,0,Mahasiswa Mapan & Hemat
653,23,Male,Freshman,Biology,18592000,11520000,3136000.0,3024000.0,1450400.0,561600.0,723200.0,609600.0,526400.0,907200.0,498400.0,728000.0,Cash,30112000,12164800.0,17947200.0,0.40398512221041444,66.26,Stabil,0,Mahasiswa Mapan & Hemat
654,18,Female,Sophomore,Biology,10608000,4864000,3016000.0,3033600.0,985600.0,427200.0,1376000.0,273600.0,341600.0,367200.0,313600.0,599200.0,Credit/Debit Card,15472000,10733600.0,4738400.0,0.6937435367114788,37.92,Bahaya,1,Mahasiswa Boros / Defisit
655,18,Non-binary,Freshman,Economics,22912000,144000,2969600.0,4459200.0,1254400.0,518400.0,1696000.0,331200.0,123200.0,734400.0,672000.0,845600.0,Credit/Debit Card,23056000,13604000.0,9452000.0,0.5900416377515614,50.99,Waspada,1,Mahasiswa Boros / Defisit
656,20,Non-binary,Freshman,Computer Science,10608000,13168000,1939733.0,3336000.0,1069600.0,705600.0,1772800.0,110400.0,408800.0,1526400.0,1052800.0,1002400.0,Mobile Payment App,23776000,12924533.0,10851467.0,0.5435957688425302,55.31,Waspada,0,Mahasiswa Mapan & Hemat
657,18,Non-binary,Senior,Economics,21232000,1744000,2120000.0,4512000.0,2032800.0,734400.0,1004800.0,422400.0,548800.0,856800.0,291200.0,112000.0,Credit/Debit Card,22976000,12635200.0,10340800.0,0.5499303621169916,59.84,Waspada,0,Mahasiswa Mapan & Hemat
658,22,Male,Senior,Psychology,16720000,5744000,2869867.0,2928000.0,1506400.0,340800.0,1337600.0,235200.0,464800.0,2095200.0,940800.0,1024800.0,Credit/Debit Card,22464000,13743467.0,8720533.0,0.61179963497151,44.99,Bahaya,1,Mahasiswa Boros / Defisit
659,21,Male,Junior,Computer Science,9904000,9680000,1726933.0,3806400.0,2128000.0,427200.0,556800.0,648000.0,201600.0,1504800.0,515200.0,470400.0,Credit/Debit Card,19584000,11985333.0,7598667.0,0.6119961703431372,50.46,Waspada,1,Mahasiswa Boros / Defisit
660,21,Non-binary,Freshman,Economics,13040000,14480000,1628267.0,2078400.0,1988000.0,403200.0,1542400.0,427200.0,375200.0,1886400.0,789600.0,229600.0,Cash,27520000,11348267.0,16171733.0,0.4123643531976744,65.32,Stabil,0,Mahasiswa Mapan & Hemat
661,20,Non-binary,Freshman,Biology,11648000,6384000,2734933.0,4641600.0,851200.0,667200.0,1875200.0,460800.0,218400.0,2066400.0,1030400.0,879200.0,Cash,18032000,15425333.0,2606667.0,0.8554421583850932,22.83,Bahaya,1,Mahasiswa Boros / Defisit
662,21,Male,Senior,Economics,15056000,13296000,1966400.0,3465600.0,2184000.0,648000.0,518400.0,628800.0,386400.0,892800.0,599200.0,212800.0,Mobile Payment App,28352000,11502400.0,16849600.0,0.40569977426636566,70.2,Sangat Sehat,0,Mahasiswa Mapan & Hemat
663,18,Male,Freshman,Psychology,18816000,688000,1787733.0,4022400.0,1181600.0,288000.0,1779200.0,580800.0,117600.0,777600.0,487200.0,918400.0,Credit/Debit Card,19504000,11940533.0,7563467.0,0.612209444216571,48.31,Waspada,1,Mahasiswa Boros / Defisit
664,22,Non-binary,Sophomore,Computer Science,17472000,9184000,2131733.0,3508800.0,1047200.0,446400.0,966400.0,302400.0,308000.0,691200.0,946400.0,660800.0,Credit/Debit Card,26656000,11009333.0,15646667.0,0.413015193577431,67.11,Sangat Sehat,0,Mahasiswa Mapan & Hemat
665,18,Female,Sophomore,Biology,23024000,8416000,1810133.0,4300800.0,985600.0,412800.0,857600.0,302400.0,291200.0,1080000.0,980000.0,722400.0,Mobile Payment App,31440000,11742933.0,19697067.0,0.3735029580152672,69.62,Sangat Sehat,0,Mahasiswa Mapan & Hemat
666,22,Male,Senior,Economics,13056000,9856000,1845867.0,2606400.0,1960000.0,484800.0,576000.0,494400.0,134400.0,1764000.0,246400.0,840000.0,Credit/Debit Card,22912000,10952267.0,11959733.0,0.4780144465782123,64.72,Stabil,0,Mahasiswa Mapan & Hemat
667,18,Male,Junior,Biology,22608000,12400000,2514667.0,2193600.0,1478400.0,340800.0,1600000.0,609600.0,302400.0,1094400.0,509600.0,672000.0,Cash,35008000,11315467.0,23692533.0,0.3232251771023766,67.71,Sangat Sehat,0,Mahasiswa Mapan & Hemat
668,24,Female,Sophomore,Biology,17216000,5680000,2451200.0,2227200.0,750400.0,475200.0,1068800.0,465600.0,190400.0,554400.0,285600.0,834400.0,Cash,22896000,9303200.0,13592800.0,0.40632424877707896,64.88,Stabil,0,Mahasiswa Mapan & Hemat
669,21,Female,Sophomore,Economics,8944000,2704000,2828267.0,2068800.0,1243200.0,494400.0,1516800.0,384000.0,313600.0,1353600.0,436800.0,985600.0,Credit/Debit Card,11648000,11625067.0,22933.0,0.9980311641483517,9.96,Bahaya,1,Mahasiswa Boros / Defisit
670,23,Male,Sophomore,Engineering,18304000,12800000,2069867.0,1944000.0,2133600.0,624000.0,1145600.0,508800.0,526400.0,1555200.0,459200.0,280000.0,Credit/Debit Card,31104000,11246667.0,19857333.0,0.36158265817901236,68.08,Sangat Sehat,0,Mahasiswa Mapan & Hemat
671,20,Non-binary,Junior,Psychology,20736000,1808000,2907733.0,2217600.0,1069600.0,331200.0,1523200.0,446400.0,285600.0,1116000.0,1047200.0,571200.0,Credit/Debit Card,22544000,11515733.0,11028267.0,0.510811435415188,57.72,Waspada,0,Mahasiswa Mapan & Hemat
672,24,Male,Senior,Engineering,15328000,14432000,2442133.0,2040000.0,1467200.0,748800.0,460800.0,657600.0,117600.0,2030400.0,459200.0,756000.0,Cash,29760000,11179733.0,18580267.0,0.3756630712365591,66.39,Stabil,0,Mahasiswa Mapan & Hemat
673,25,Male,Junior,Economics,12400000,11344000,2237333.0,3264000.0,644000.0,873600.0,537600.0,614400.0,145600.0,763200.0,627200.0,520800.0,Credit/Debit Card,23744000,10227733.0,13516267.0,0.43075021057951485,66.8,Sangat Sehat,0,Mahasiswa Mapan & Hemat
674,25,Non-binary,Junior,Economics,23728000,8304000,2493867.0,4656000.0,812000.0,806400.0,1728000.0,110400.0,218400.0,518400.0,593600.0,1041600.0,Mobile Payment App,32032000,12978667.0,19053333.0,0.4051781655844156,68.3,Sangat Sehat,0,Mahasiswa Mapan & Hemat
675,19,Male,Junior,Biology,20864000,3712000,2421333.0,3124800.0,1030400.0,489600.0,1222400.0,710400.0,375200.0,1929600.0,252000.0,280000.0,Mobile Payment App,24576000,11835733.0,12740267.0,0.4815972086588542,62.51,Stabil,0,Mahasiswa Mapan & Hemat
676,24,Female,Sophomore,Biology,22400000,14272000,2520533.0,3595200.0,2010400.0,782400.0,1881600.0,633600.0,112000.0,1497600.0,828800.0,459200.0,Mobile Payment App,36672000,14321333.0,22350667.0,0.3905250054537522,67.76,Sangat Sehat,0,Mahasiswa Mapan & Hemat
677,24,Non-binary,Freshman,Computer Science,23040000,13904000,3121067.0,3643200.0,1517600.0,360000.0,1196800.0,369600.0,369600.0,2124000.0,1097600.0,397600.0,Mobile Payment App,36944000,14197067.0,22746933.0,0.3842861357730619,66.29,Stabil,0,Mahasiswa Mapan & Hemat
678,22,Female,Freshman,Economics,23360000,10400000,1899733.0,3700800.0,1741600.0,297600.0,1696000.0,254400.0,537600.0,806400.0,207200.0,431200.0,Credit/Debit Card,33760000,11572533.0,22187467.0,0.34278829976303316,71.17,Sangat Sehat,0,Mahasiswa Mapan & Hemat
679,20,Non-binary,Junior,Biology,22064000,11424000,2537600.0,4449600.0,1075200.0,571200.0,1843200.0,657600.0,330400.0,684000.0,1086400.0,184800.0,Credit/Debit Card,33488000,13420000.0,20068000.0,0.40074056378404205,67.6,Sangat Sehat,0,Mahasiswa Mapan & Hemat
680,18,Female,Junior,Computer Science,15072000,8720000,3096000.0,4387200.0,604800.0,240000.0,1318400.0,115200.0,313600.0,388800.0,1052800.0,392000.0,Mobile Payment App,23792000,11908800.0,11883200.0,0.5005379959650302,63.09,Stabil,0,Mahasiswa Mapan & Hemat
681,25,Non-binary,Junior,Biology,11840000,13936000,2236800.0,2270400.0,2049600.0,398400.0,998400.0,297600.0,184800.0,619200.0,453600.0,436800.0,Cash,25776000,9945600.0,15830400.0,0.38584729981378024,68.8,Sangat Sehat,0,Mahasiswa Mapan & Hemat
682,18,Female,Sophomore,Psychology,18976000,11728000,3158933.0,2596800.0,1629600.0,532800.0,729600.0,201600.0,274400.0,525600.0,929600.0,733600.0,Cash,30704000,11312533.0,19391467.0,0.36843841193329857,67.88,Sangat Sehat,0,Mahasiswa Mapan & Hemat
683,23,Male,Junior,Biology,11696000,12992000,3006400.0,2793600.0,828800.0,355200.0,1497600.0,129600.0,380800.0,1137600.0,453600.0,268800.0,Cash,24688000,10852000.0,13836000.0,0.4395657809462087,63.41,Stabil,0,Mahasiswa Mapan & Hemat
684,20,Male,Junior,Economics,21552000,11760000,2966933.0,4675200.0,1736000.0,470400.0,1068800.0,168000.0,240800.0,2145600.0,1019200.0,207200.0,Cash,33312000,14698133.0,18613867.0,0.44122637487992317,66.4,Stabil,0,Mahasiswa Mapan & Hemat
685,19,Female,Freshman,Biology,17360000,6672000,2496000.0,3384000.0,890400.0,873600.0,1888000.0,633600.0,369600.0,756000.0,1036000.0,302400.0,Cash,24032000,12629600.0,11402400.0,0.5255326231691079,58.29,Waspada,0,Mahasiswa Mapan & Hemat
686,22,Male,Senior,Biology,10640000,6416000,1944000.0,4641600.0,845600.0,240000.0,1484800.0,566400.0,420000.0,1310400.0,1013600.0,828800.0,Mobile Payment App,17056000,13295200.0,3760800.0,0.7795028142589118,30.23,Bahaya,1,Mahasiswa Boros / Defisit
687,22,Male,Freshman,Economics,22752000,10784000,2682667.0,3182400.0,1859200.0,710400.0,1606400.0,624000.0,341600.0,1346400.0,694400.0,655200.0,Cash,33536000,13702667.0,19833333.0,0.4085957478530534,66.25,Stabil,0,Mahasiswa Mapan & Hemat
688,24,Male,Freshman,Biology,21856000,5104000,1892800.0,4420800.0,2178400.0,609600.0,934400.0,211200.0,520800.0,1612800.0,845600.0,168000.0,Mobile Payment App,26960000,13394400.0,13565600.0,0.4968249258160237,66.27,Stabil,0,Mahasiswa Mapan & Hemat
689,21,Female,Sophomore,Engineering,11424000,10320000,2000533.0,4094400.0,834400.0,316800.0,1177600.0,168000.0,117600.0,1576800.0,985600.0,403200.0,Mobile Payment App,21744000,11674933.0,10069067.0,0.5369266464311994,57.88,Waspada,0,Mahasiswa Mapan & Hemat
690,25,Male,Freshman,Psychology,20144000,2224000,2636267.0,3585600.0,1120000.0,451200.0,1446400.0,681600.0,218400.0,1008000.0,532000.0,364000.0,Credit/Debit Card,22368000,12043467.0,10324533.0,0.538423953862661,57.03,Waspada,0,Mahasiswa Mapan & Hemat
691,19,Female,Senior,Economics,15600000,15024000,1736533.0,4492800.0,2060800.0,859200.0,1056000.0,691200.0,498400.0,374400.0,268800.0,672000.0,Mobile Payment App,30624000,12710133.0,17913867.0,0.41503830329153607,70.9,Sangat Sehat,0,Mahasiswa Mapan & Hemat
692,24,Female,Senior,Engineering,22720000,3760000,1924800.0,4036800.0,845600.0,912000.0,1120000.0,96000.0,543200.0,410400.0,862400.0,397600.0,Cash,26480000,11148800.0,15331200.0,0.4210271903323263,68.75,Sangat Sehat,0,Mahasiswa Mapan & Hemat
693,24,Non-binary,Sophomore,Engineering,9664000,12016000,1966400.0,2659200.0,1215200.0,316800.0,1203200.0,585600.0,179200.0,1216800.0,386400.0,840000.0,Cash,21680000,10568800.0,11111200.0,0.48749077490774906,62.4,Stabil,0,Mahasiswa Mapan & Hemat
694,25,Non-binary,Senior,Economics,20000000,8144000,2286933.0,3259200.0,700000.0,470400.0,588800.0,576000.0,218400.0,784800.0,817600.0,1052800.0,Cash,28144000,10754933.0,17389067.0,0.3821394613416714,67.07,Sangat Sehat,0,Mahasiswa Mapan & Hemat
695,20,Non-binary,Freshman,Computer Science,9072000,14496000,1998933.0,4041600.0,2100000.0,460800.0,921600.0,537600.0,263200.0,2001600.0,968800.0,268800.0,Mobile Payment App,23568000,13562933.0,10005067.0,0.5754808638832315,53.72,Waspada,1,Mahasiswa Boros / Defisit
696,25,Female,Freshman,Computer Science,8736000,11056000,2910400.0,4694400.0,1601600.0,480000.0,1516800.0,288000.0,324800.0,1483200.0,884800.0,767200.0,Cash,19792000,14951200.0,4840800.0,0.7554163298302344,33.09,Bahaya,1,Mahasiswa Boros / Defisit
697,18,Non-binary,Senior,Economics,18704000,13376000,2953067.0,4780800.0,1870400.0,398400.0,1843200.0,374400.0,313600.0,756000.0,929600.0,1008000.0,Mobile Payment App,32080000,15227467.0,16852533.0,0.47467166458852866,64.9,Stabil,0,Mahasiswa Mapan & Hemat
698,23,Non-binary,Freshman,Economics,13344000,9712000,1910400.0,3321600.0,1960000.0,422400.0,1907200.0,720000.0,504000.0,1785600.0,285600.0,190400.0,Credit/Debit Card,23056000,13007200.0,10048800.0,0.5641568355308814,53.77,Waspada,0,Mahasiswa Mapan & Hemat
699,19,Non-binary,Sophomore,Computer Science,17872000,3744000,1795200.0,4512000.0,1187200.0,417600.0,774400.0,667200.0,229600.0,2145600.0,666400.0,884800.0,Mobile Payment App,21616000,13280000.0,8336000.0,0.6143597335307179,48.08,Waspada,1,Mahasiswa Boros / Defisit
700,25,Male,Freshman,Economics,10832000,14304000,2984000.0,4036800.0,1752800.0,249600.0,1401600.0,316800.0,235200.0,662400.0,672000.0,470400.0,Mobile Payment App,25136000,12781600.0,12354400.0,0.508497772119669,62.83,Stabil,0,Mahasiswa Mapan & Hemat
701,20,Non-binary,Freshman,Engineering,22928000,15424000,2547733.0,4339200.0,1831200.0,369600.0,716800.0,700800.0,397600.0,698400.0,935200.0,655200.0,Cash,38352000,13191733.0,25160267.0,0.34396466937838965,71.11,Sangat Sehat,0,Mahasiswa Mapan & Hemat
702,20,Female,Freshman,Biology,14224000,10128000,1653333.0,2515200.0,1383200.0,393600.0,1286400.0,489600.0,515200.0,741600.0,537600.0,168000.0,Credit/Debit Card,24352000,9683733.0,14668267.0,0.3976565785151117,67.39,Sangat Sehat,0,Mahasiswa Mapan & Hemat
703,21,Male,Junior,Biology,10720000,11328000,3164800.0,3115200.0,2161600.0,700800.0,1164800.0,633600.0,268800.0,1260000.0,330400.0,868000.0,Credit/Debit Card,22048000,13668000.0,8380000.0,0.6199201741654572,46.72,Waspada,1,Mahasiswa Boros / Defisit
704,19,Male,Senior,Economics,10320000,9856000,2503467.0,4339200.0,884800.0,331200.0,947200.0,288000.0,548800.0,820800.0,224000.0,403200.0,Credit/Debit Card,20176000,11290667.0,8885333.0,0.5596087926249008,55.99,Waspada,0,Mahasiswa Mapan & Hemat
705,21,Female,Junior,Psychology,17712000,15536000,3198400.0,3456000.0,1618400.0,595200.0,1344000.0,168000.0,285600.0,1130400.0,565600.0,940800.0,Mobile Payment App,33248000,13302400.0,19945600.0,0.40009624639076036,66.78,Sangat Sehat,0,Mahasiswa Mapan & Hemat
706,22,Female,Sophomore,Psychology,12000000,9152000,2210133.0,2702400.0,582400.0,916800.0,371200.0,105600.0,543200.0,381600.0,229600.0,554400.0,Cash,21152000,8597333.0,12554667.0,0.40645485060514375,68.4,Sangat Sehat,0,Mahasiswa Mapan & Hemat
707,21,Male,Sophomore,Biology,10464000,4176000,1791467.0,3849600.0,694400.0,268800.0,364800.0,196800.0,313600.0,799200.0,347200.0,1097600.0,Mobile Payment App,14640000,9723467.0,4916533.0,0.6641712431693989,43.45,Bahaya,1,Mahasiswa Boros / Defisit
708,20,Male,Freshman,Psychology,18256000,912000,3058133.0,3340800.0,1590400.0,398400.0,1305600.0,302400.0,257600.0,403200.0,700000.0,308000.0,Cash,19168000,11664533.0,7503467.0,0.6085419970784641,48.66,Waspada,1,Mahasiswa Boros / Defisit
709,22,Female,Sophomore,Biology,12976000,13040000,2519467.0,3912000.0,1680000.0,576000.0,806400.0,105600.0,520800.0,748800.0,666400.0,851200.0,Cash,26016000,12386667.0,13629333.0,0.47611727398523984,65.89,Stabil,0,Mahasiswa Mapan & Hemat
710,23,Female,Senior,Engineering,23232000,8320000,1846933.0,3945600.0,1775200.0,369600.0,947200.0,436800.0,341600.0,1195200.0,744800.0,683200.0,Mobile Payment App,31552000,12286133.0,19265867.0,0.3893931604969574,69.3,Sangat Sehat,0,Mahasiswa Mapan & Hemat
711,20,Non-binary,Junior,Psychology,20080000,1312000,2527467.0,2232000.0,2240000.0,326400.0,1216000.0,115200.0,392000.0,1771200.0,739200.0,896000.0,Mobile Payment App,21392000,12455467.0,8936533.0,0.5822488313388182,49.79,Waspada,1,Mahasiswa Boros / Defisit
712,24,Female,Junior,Computer Science,11792000,4256000,2647467.0,3744000.0,1696800.0,532800.0,1273600.0,297600.0,526400.0,1389600.0,543200.0,319200.0,Credit/Debit Card,16048000,12970667.0,3077333.0,0.8082419616151545,28.6,Bahaya,1,Mahasiswa Boros / Defisit
713,25,Male,Freshman,Engineering,22704000,4048000,2180800.0,2131200.0,1232000.0,710400.0,729600.0,312000.0,162400.0,979200.0,190400.0,196000.0,Credit/Debit Card,26752000,8824000.0,17928000.0,0.3298444976076555,70.66,Sangat Sehat,0,Mahasiswa Mapan & Hemat
714,23,Non-binary,Freshman,Computer Science,13040000,1216000,2379200.0,2140800.0,739200.0,792000.0,1056000.0,278400.0,554400.0,972000.0,974400.0,621600.0,Cash,14256000,10508000.0,3748000.0,0.7370931537598204,31.7,Bahaya,1,Mahasiswa Boros / Defisit
715,25,Male,Senior,Engineering,16544000,9632000,1836800.0,2481600.0,1332800.0,528000.0,1632000.0,412800.0,431200.0,2023200.0,840000.0,313600.0,Credit/Debit Card,26176000,11832000.0,14344000.0,0.4520171149144254,62.93,Stabil,0,Mahasiswa Mapan & Hemat
716,24,Non-binary,Freshman,Computer Science,16352000,10016000,2558400.0,1982400.0,778400.0,801600.0,1056000.0,360000.0,319200.0,1576800.0,705600.0,240800.0,Mobile Payment App,26368000,10379200.0,15988800.0,0.393628640776699,64.55,Stabil,0,Mahasiswa Mapan & Hemat
717,23,Female,Sophomore,Biology,21456000,13424000,1617600.0,2467200.0,1680000.0,585600.0,876800.0,192000.0,341600.0,1224000.0,364000.0,560000.0,Cash,34880000,9908800.0,24971200.0,0.28408256880733945,72.97,Sangat Sehat,0,Mahasiswa Mapan & Hemat
718,20,Female,Senior,Engineering,15984000,14704000,3103467.0,2433600.0,1506400.0,571200.0,1459200.0,475200.0,274400.0,396000.0,644000.0,296800.0,Mobile Payment App,30688000,11160267.0,19527733.0,0.36366876303441087,67.58,Sangat Sehat,0,Mahasiswa Mapan & Hemat
719,21,Male,Freshman,Psychology,19488000,2592000,2915733.0,3283200.0,1568000.0,628800.0,1190400.0,494400.0,476000.0,655200.0,498400.0,705600.0,Mobile Payment App,22080000,12415733.0,9664267.0,0.5623067481884058,54.1,Waspada,0,Mahasiswa Mapan & Hemat
720,24,Male,Sophomore,Economics,21312000,11280000,1873067.0,3820800.0,2234400.0,955200.0,505600.0,259200.0,481600.0,1483200.0,554400.0,722400.0,Cash,32592000,12889867.0,19702133.0,0.3954917464408444,70.5,Sangat Sehat,0,Mahasiswa Mapan & Hemat
721,20,Non-binary,Freshman,Biology,14448000,5936000,2256000.0,3830400.0,1786400.0,288000.0,576000.0,484800.0,134400.0,1058400.0,392000.0,952000.0,Credit/Debit Card,20384000,11758400.0,8625600.0,0.5768445839874411,54.0,Waspada,1,Mahasiswa Boros / Defisit
722,25,Non-binary,Freshman,Biology,14912000,14192000,2830400.0,2265600.0,1932000.0,292800.0,1216000.0,571200.0,386400.0,1692000.0,375200.0,224000.0,Mobile Payment App,29104000,11785600.0,17318400.0,0.4049477735019241,65.23,Stabil,0,Mahasiswa Mapan & Hemat
723,21,Female,Junior,Biology,10144000,5280000,3179200.0,3715200.0,1870400.0,926400.0,672000.0,398400.0,257600.0,1195200.0,1120000.0,840000.0,Cash,15424000,14174400.0,1249600.0,0.9189834024896265,19.67,Bahaya,1,Mahasiswa Boros / Defisit
724,25,Male,Senior,Biology,8848000,4288000,1669333.0,3532800.0,784000.0,326400.0,960000.0,475200.0,184800.0,2073600.0,285600.0,1114400.0,Credit/Debit Card,13136000,11406133.0,1729867.0,0.8683109774665042,22.03,Bahaya,1,Mahasiswa Boros / Defisit
725,21,Male,Junior,Economics,8752000,10848000,2992000.0,2448000.0,1075200.0,590400.0,1587200.0,273600.0,156800.0,1814400.0,789600.0,683200.0,Cash,19600000,12410400.0,7189600.0,0.6331836734693878,42.0,Bahaya,1,Mahasiswa Boros / Defisit
726,18,Male,Senior,Computer Science,13872000,10336000,1607467.0,4531200.0,1792000.0,792000.0,1484800.0,460800.0,408800.0,2145600.0,795200.0,1024800.0,Cash,24208000,15042667.0,9165333.0,0.6213923909451421,47.61,Waspada,1,Mahasiswa Boros / Defisit
727,20,Male,Sophomore,Economics,13808000,13504000,1646933.0,4636800.0,2077600.0,316800.0,1452800.0,561600.0,179200.0,1764000.0,308000.0,464800.0,Mobile Payment App,27312000,13408533.0,13903467.0,0.4909392574692443,66.09,Stabil,0,Mahasiswa Mapan & Hemat
728,25,Non-binary,Sophomore,Biology,9648000,5136000,2602133.0,2016000.0,1293600.0,604800.0,1587200.0,355200.0,179200.0,1238400.0,448000.0,1080800.0,Mobile Payment App,14784000,11405333.0,3378667.0,0.771464623917749,28.32,Bahaya,1,Mahasiswa Boros / Defisit
729,21,Female,Junior,Computer Science,23680000,8880000,1884800.0,3835200.0,1450400.0,480000.0,1625600.0,446400.0,369600.0,2008800.0,1069600.0,308000.0,Credit/Debit Card,32560000,13478400.0,19081600.0,0.41395577395577393,66.27,Stabil,0,Mahasiswa Mapan & Hemat
730,18,Male,Freshman,Engineering,8352000,7168000,1996800.0,3388800.0,974400.0,384000.0,1817600.0,432000.0,341600.0,1641600.0,369600.0,1013600.0,Mobile Payment App,15520000,12360000.0,3160000.0,0.7963917525773195,27.34,Bahaya,1,Mahasiswa Boros / Defisit
731,22,Female,Junior,Biology,22016000,8160000,1769600.0,2208000.0,739200.0,763200.0,377600.0,422400.0,212800.0,626400.0,492800.0,425600.0,Cash,30176000,8037600.0,22138400.0,0.2663573700954401,73.19,Sangat Sehat,0,Mahasiswa Mapan & Hemat
732,22,Non-binary,Junior,Computer Science,19120000,15808000,3055467.0,2184000.0,644000.0,561600.0,473600.0,619200.0,520800.0,1108800.0,868000.0,1064000.0,Credit/Debit Card,34928000,11099467.0,23828533.0,0.31778135020613835,66.45,Stabil,0,Mahasiswa Mapan & Hemat
733,24,Non-binary,Freshman,Psychology,19568000,12560000,1877867.0,3940800.0,716800.0,240000.0,864000.0,460800.0,375200.0,1310400.0,778400.0,1097600.0,Credit/Debit Card,32128000,11661867.0,20466133.0,0.36298141807768924,68.08,Sangat Sehat,0,Mahasiswa Mapan & Hemat
734,21,Female,Junior,Computer Science,9808000,8384000,1941333.0,4003200.0,1226400.0,273600.0,454400.0,427200.0,218400.0,1735200.0,369600.0,520800.0,Cash,18192000,11170133.0,7021867.0,0.6140134674582234,49.08,Waspada,1,Mahasiswa Boros / Defisit
735,25,Non-binary,Sophomore,Engineering,13504000,12256000,2142400.0,4032000.0,1002400.0,907200.0,1472000.0,614400.0,414400.0,1130400.0,212800.0,733600.0,Mobile Payment App,25760000,12661600.0,13098400.0,0.4915217391304348,64.42,Stabil,0,Mahasiswa Mapan & Hemat
736,24,Female,Junior,Computer Science,9920000,3072000,2246933.0,3484800.0,1859200.0,691200.0,1849600.0,441600.0,134400.0,1404000.0,756000.0,711200.0,Cash,12992000,13578933.0,-586933.0,1.045176493226601,13.33,Bahaya,1,Mahasiswa Boros / Defisit
737,22,Male,Freshman,Psychology,15728000,15104000,2248533.0,4694400.0,638400.0,494400.0,371200.0,590400.0,403200.0,820800.0,425600.0,352800.0,Credit/Debit Card,30832000,11039733.0,19792267.0,0.3580608783082512,71.51,Sangat Sehat,0,Mahasiswa Mapan & Hemat
738,25,Male,Sophomore,Biology,15936000,4000000,3186667.0,2496000.0,1775200.0,580800.0,736000.0,225600.0,498400.0,1735200.0,252000.0,453600.0,Mobile Payment App,19936000,11939467.0,7996533.0,0.5988897973515249,48.33,Waspada,1,Mahasiswa Boros / Defisit
739,18,Male,Junior,Engineering,17696000,12704000,1640000.0,4228800.0,924000.0,796800.0,1664000.0,110400.0,179200.0,972000.0,274400.0,190400.0,Cash,30400000,10980000.0,19420000.0,0.3611842105263158,71.81,Sangat Sehat,0,Mahasiswa Mapan & Hemat
740,23,Non-binary,Senior,Engineering,16512000,12944000,2324800.0,4737600.0,2038400.0,844800.0,428800.0,355200.0,291200.0,403200.0,929600.0,375200.0,Credit/Debit Card,29456000,12728800.0,16727200.0,0.4321292775665399,70.68,Sangat Sehat,0,Mahasiswa Mapan & Hemat
741,20,Female,Senior,Biology,22704000,15856000,2478400.0,3110400.0,1461600.0,724800.0,499200.0,264000.0,173600.0,1598400.0,756000.0,403200.0,Credit/Debit Card,38560000,11469600.0,27090400.0,0.297448132780083,71.96,Sangat Sehat,0,Mahasiswa Mapan & Hemat
742,22,Male,Sophomore,Economics,9760000,1600000,2742400.0,2270400.0,1668800.0,787200.0,889600.0,216000.0,375200.0,554400.0,179200.0,632800.0,Cash,11360000,10316000.0,1044000.0,0.9080985915492957,20.46,Bahaya,1,Mahasiswa Boros / Defisit
743,19,Female,Junior,Economics,23184000,9584000,2554667.0,4248000.0,610400.0,273600.0,1875200.0,336000.0,504000.0,1922400.0,918400.0,184800.0,Cash,32768000,13427467.0,19340533.0,0.4097737731933594,65.08,Stabil,0,Mahasiswa Mapan & Hemat
744,25,Male,Senior,Engineering,20320000,8064000,1849067.0,2323200.0,1601600.0,633600.0,1862400.0,662400.0,268800.0,1116000.0,907200.0,229600.0,Credit/Debit Card,28384000,11453867.0,16930133.0,0.4035325183201804,65.8,Stabil,0,Mahasiswa Mapan & Hemat
745,18,Non-binary,Freshman,Computer Science,12320000,10192000,2696000.0,3907200.0,1528800.0,264000.0,896000.0,643200.0,341600.0,943200.0,716800.0,218400.0,Mobile Payment App,22512000,12155200.0,10356800.0,0.5399431414356788,58.03,Waspada,0,Mahasiswa Mapan & Hemat
746,25,Non-binary,Sophomore,Psychology,14576000,14864000,2450667.0,2774400.0,1892800.0,585600.0,1056000.0,120000.0,487200.0,1980000.0,985600.0,526400.0,Credit/Debit Card,29440000,12858667.0,16581333.0,0.43677537364130437,64.78,Stabil,0,Mahasiswa Mapan & Hemat
747,18,Female,Junior,Biology,20848000,4784000,2683200.0,3364800.0,1355200.0,878400.0,1593600.0,494400.0,442400.0,770400.0,414400.0,291200.0,Credit/Debit Card,25632000,12288000.0,13344000.0,0.4794007490636704,64.49,Stabil,0,Mahasiswa Mapan & Hemat
748,19,Non-binary,Junior,Engineering,21872000,11008000,1921600.0,2169600.0,2083200.0,777600.0,1132800.0,139200.0,369600.0,1749600.0,168000.0,868000.0,Credit/Debit Card,32880000,11379200.0,21500800.0,0.34608272506082727,69.42,Sangat Sehat,0,Mahasiswa Mapan & Hemat
749,25,Non-binary,Sophomore,Computer Science,8144000,10624000,1839467.0,3739200.0,1360800.0,734400.0,1798400.0,518400.0,291200.0,504000.0,812000.0,1075200.0,Credit/Debit Card,18768000,12673067.0,6094933.0,0.675248667945439,41.23,Bahaya,1,Mahasiswa Boros / Defisit
750,22,Male,Junior,Engineering,12864000,9312000,2826133.0,4281600.0,856800.0,830400.0,1273600.0,153600.0,470400.0,2080800.0,705600.0,257600.0,Cash,22176000,13736533.0,8439467.0,0.6194324044011544,46.69,Waspada,1,Mahasiswa Boros / Defisit
751,23,Female,Freshman,Computer Science,20288000,4336000,2838933.0,4310400.0,1142400.0,897600.0,1376000.0,542400.0,453600.0,1526400.0,621600.0,319200.0,Credit/Debit Card,24624000,14028533.0,10595467.0,0.5697097547108512,53.45,Waspada,1,Mahasiswa Boros / Defisit
752,22,Non-binary,Junior,Engineering,23872000,1312000,1984000.0,3950400.0,1551200.0,892800.0,1760000.0,676800.0,341600.0,1202400.0,364000.0,190400.0,Cash,25184000,12913600.0,12270400.0,0.5127700127064803,62.85,Stabil,0,Mahasiswa Mapan & Hemat
753,23,Non-binary,Senior,Biology,22432000,7376000,2041067.0,4339200.0,1797600.0,662400.0,940800.0,547200.0,184800.0,1425600.0,1052800.0,1002400.0,Cash,29808000,13993867.0,15814133.0,0.4694668209876543,65.8,Stabil,0,Mahasiswa Mapan & Hemat
754,24,Non-binary,Junior,Psychology,10768000,9696000,2152000.0,3926400.0,1988000.0,494400.0,1644800.0,168000.0,263200.0,403200.0,834400.0,268800.0,Credit/Debit Card,20464000,12143200.0,8320800.0,0.5933932759968725,52.65,Waspada,1,Mahasiswa Boros / Defisit
755,22,Female,Sophomore,Biology,18784000,15392000,2610133.0,2044800.0,1842400.0,916800.0,1120000.0,139200.0,190400.0,813600.0,873600.0,957600.0,Cash,34176000,11508533.0,22667467.0,0.33674312382958804,69.05,Sangat Sehat,0,Mahasiswa Mapan & Hemat
756,20,Female,Freshman,Biology,10160000,13232000,2200000.0,4651200.0,1086400.0,940800.0,1459200.0,388800.0,380800.0,864000.0,627200.0,1036000.0,Credit/Debit Card,23392000,13634400.0,9757600.0,0.5828659370725034,52.85,Waspada,1,Mahasiswa Boros / Defisit
757,23,Male,Sophomore,Engineering,12672000,9344000,2347200.0,3028800.0,1254400.0,480000.0,460800.0,350400.0,156800.0,705600.0,565600.0,784000.0,Credit/Debit Card,22016000,10133600.0,11882400.0,0.46028343023255813,65.69,Stabil,0,Mahasiswa Mapan & Hemat
758,22,Non-binary,Sophomore,Biology,15968000,14848000,1706133.0,2712000.0,845600.0,340800.0,1728000.0,374400.0,548800.0,2095200.0,694400.0,700000.0,Mobile Payment App,30816000,11745333.0,19070667.0,0.3811439836448598,64.71,Stabil,0,Mahasiswa Mapan & Hemat
759,21,Non-binary,Junior,Biology,13856000,9296000,3080000.0,3710400.0,1495200.0,480000.0,1612800.0,153600.0,145600.0,698400.0,235200.0,459200.0,Credit/Debit Card,23152000,12070400.0,11081600.0,0.5213545266067726,60.82,Waspada,0,Mahasiswa Mapan & Hemat
760,23,Non-binary,Sophomore,Biology,22528000,9056000,1980800.0,4344000.0,1248800.0,806400.0,1676800.0,595200.0,173600.0,885600.0,324800.0,1058400.0,Cash,31584000,13094400.0,18489600.0,0.4145896656534954,68.08,Sangat Sehat,0,Mahasiswa Mapan & Hemat
761,25,Non-binary,Freshman,Biology,11712000,1648000,1778667.0,3561600.0,2212000.0,739200.0,1568000.0,624000.0,408800.0,1281600.0,560000.0,448000.0,Credit/Debit Card,13360000,13181867.0,178133.0,0.9866666916167665,15.76,Bahaya,1,Mahasiswa Boros / Defisit
762,18,Non-binary,Junior,Engineering,17712000,8176000,2937067.0,3542400.0,806400.0,628800.0,1363200.0,254400.0,212800.0,1123200.0,767200.0,263200.0,Cash,25888000,11898667.0,13989333.0,0.4596209440667491,64.17,Stabil,0,Mahasiswa Mapan & Hemat
763,24,Female,Freshman,Engineering,18640000,1088000,2200533.0,4123200.0,1864800.0,940800.0,793600.0,523200.0,274400.0,1332000.0,1002400.0,162400.0,Cash,19728000,13217333.0,6510667.0,0.6699783556366585,43.71,Bahaya,1,Mahasiswa Boros / Defisit
764,19,Female,Freshman,Computer Science,21056000,13872000,2363733.0,3009600.0,616000.0,888000.0,1446400.0,120000.0,190400.0,648000.0,1064000.0,756000.0,Credit/Debit Card,34928000,11102133.0,23825867.0,0.3178576786532295,69.48,Sangat Sehat,0,Mahasiswa Mapan & Hemat
765,21,Non-binary,Junior,Psychology,23536000,4480000,2188800.0,4137600.0,1747200.0,864000.0,1542400.0,336000.0,504000.0,604800.0,1019200.0,677600.0,Cash,28016000,13621600.0,14394400.0,0.4862078812107367,65.42,Stabil,0,Mahasiswa Mapan & Hemat
766,18,Non-binary,Sophomore,Psychology,8576000,8912000,1996800.0,2390400.0,2100000.0,614400.0,1184000.0,302400.0,543200.0,2145600.0,252000.0,201600.0,Cash,17488000,11730400.0,5757600.0,0.6707685269899359,40.95,Bahaya,1,Mahasiswa Boros / Defisit
767,21,Male,Sophomore,Economics,16720000,8672000,2215467.0,4497600.0,879200.0,787200.0,1574400.0,120000.0,162400.0,712800.0,257600.0,431200.0,Credit/Debit Card,25392000,11637867.0,13754133.0,0.458328095463138,67.56,Sangat Sehat,0,Mahasiswa Mapan & Hemat
768,24,Non-binary,Junior,Biology,9744000,6224000,2308800.0,4483200.0,2200800.0,326400.0,492800.0,158400.0,537600.0,1692000.0,268800.0,1041600.0,Mobile Payment App,15968000,13510400.0,2457600.0,0.8460921843687375,27.18,Bahaya,1,Mahasiswa Boros / Defisit
769,20,Male,Senior,Psychology,9296000,15424000,2653333.0,3720000.0,593600.0,412800.0,537600.0,105600.0,380800.0,604800.0,218400.0,963200.0,Mobile Payment App,24720000,10190133.0,14529867.0,0.4122222087378641,67.43,Sangat Sehat,0,Mahasiswa Mapan & Hemat
770,20,Female,Sophomore,Biology,17696000,3392000,1800533.0,2212800.0,728000.0,840000.0,1478400.0,648000.0,207200.0,424800.0,1103200.0,940800.0,Credit/Debit Card,21088000,10383733.0,10704267.0,0.4924000853566009,61.23,Waspada,0,Mahasiswa Mapan & Hemat
771,22,Non-binary,Freshman,Psychology,21056000,11360000,1892267.0,3273600.0,2139200.0,331200.0,1715200.0,297600.0,532000.0,1807200.0,660800.0,123200.0,Credit/Debit Card,32416000,12772267.0,19643733.0,0.39401119817374136,67.73,Sangat Sehat,0,Mahasiswa Mapan & Hemat
772,19,Non-binary,Senior,Computer Science,9184000,1648000,3187200.0,2904000.0,2083200.0,393600.0,1894400.0,187200.0,235200.0,2066400.0,856800.0,744800.0,Credit/Debit Card,10832000,14552800.0,-3720800.0,1.3435007385524371,11.09,Bahaya,1,Mahasiswa Boros / Defisit
773,19,Male,Sophomore,Biology,17840000,192000,2015467.0,2313600.0,1713600.0,772800.0,1798400.0,720000.0,425600.0,1908000.0,952000.0,1080800.0,Mobile Payment App,18032000,13700267.0,4331733.0,0.7597752329192546,29.61,Bahaya,1,Mahasiswa Boros / Defisit
774,25,Male,Sophomore,Engineering,20112000,720000,1948267.0,3883200.0,2088800.0,705600.0,1574400.0,374400.0,201600.0,1980000.0,884800.0,1103200.0,Credit/Debit Card,20832000,14744267.0,6087733.0,0.7077701132872504,37.66,Bahaya,1,Mahasiswa Boros / Defisit
775,23,Male,Junior,Economics,17104000,2080000,2907733.0,2414400.0,1220800.0,398400.0,595200.0,345600.0,364000.0,1224000.0,498400.0,806400.0,Cash,19184000,10774933.0,8409067.0,0.5616624791492911,52.18,Waspada,0,Mahasiswa Mapan & Hemat
776,22,Non-binary,Junior,Biology,12112000,7536000,1793067.0,3451200.0,2010400.0,331200.0,1619200.0,696000.0,268800.0,1144800.0,352800.0,442400.0,Credit/Debit Card,19648000,12109867.0,7538133.0,0.6163409507328991,48.37,Waspada,1,Mahasiswa Boros / Defisit
777,21,Non-binary,Sophomore,Psychology,12704000,2656000,1932800.0,4358400.0,2077600.0,350400.0,1420800.0,494400.0,229600.0,2037600.0,851200.0,610400.0,Cash,15360000,14363200.0,996800.0,0.9351041666666666,18.85,Bahaya,1,Mahasiswa Boros / Defisit
778,22,Male,Freshman,Computer Science,18224000,13520000,2529600.0,4286400.0,1993600.0,604800.0,1632000.0,96000.0,364000.0,446400.0,1092000.0,140000.0,Credit/Debit Card,31744000,13184800.0,18559200.0,0.4153477822580645,69.05,Sangat Sehat,0,Mahasiswa Mapan & Hemat
779,23,Non-binary,Sophomore,Engineering,9568000,2000000,3106133.0,1982400.0,1556800.0,624000.0,582400.0,422400.0,336000.0,1094400.0,459200.0,151200.0,Cash,11568000,10314933.0,1253067.0,0.891678163900415,20.09,Bahaya,1,Mahasiswa Boros / Defisit
780,21,Female,Freshman,Economics,8224000,6432000,2475733.0,2371200.0,2212000.0,441600.0,358400.0,499200.0,369600.0,705600.0,733600.0,756000.0,Mobile Payment App,14656000,10922933.0,3733067.0,0.7452874590611354,34.24,Bahaya,1,Mahasiswa Boros / Defisit
781,23,Male,Freshman,Psychology,23664000,6688000,1867200.0,4608000.0,1926400.0,494400.0,1529600.0,302400.0,532000.0,1051200.0,173600.0,1036000.0,Mobile Payment App,30352000,13520800.0,16831200.0,0.44546652609383236,67.78,Sangat Sehat,0,Mahasiswa Mapan & Hemat
782,24,Non-binary,Junior,Biology,10128000,5776000,2471467.0,3288000.0,1411200.0,614400.0,1715200.0,513600.0,414400.0,1000800.0,1064000.0,128800.0,Credit/Debit Card,15904000,12621867.0,3282133.0,0.793628458249497,28.69,Bahaya,1,Mahasiswa Boros / Defisit
783,25,Non-binary,Senior,Biology,22992000,2400000,2544000.0,4516800.0,1601600.0,499200.0,1753600.0,480000.0,117600.0,1432800.0,761600.0,1052800.0,Credit/Debit Card,25392000,14760000.0,10632000.0,0.5812854442344045,51.81,Waspada,1,Mahasiswa Boros / Defisit
784,22,Male,Sophomore,Biology,18160000,4464000,2573333.0,3806400.0,2072000.0,552000.0,556800.0,446400.0,201600.0,734400.0,621600.0,229600.0,Credit/Debit Card,22624000,11794133.0,10829867.0,0.5213106877652051,63.05,Stabil,0,Mahasiswa Mapan & Hemat
785,21,Female,Junior,Engineering,22928000,176000,2200000.0,3993600.0,1752800.0,590400.0,1196800.0,643200.0,347200.0,439200.0,1120000.0,571200.0,Cash,23104000,12854400.0,10249600.0,0.5563711911357341,56.46,Waspada,0,Mahasiswa Mapan & Hemat
786,20,Female,Senior,Computer Science,13184000,1488000,1851200.0,2582400.0,1394400.0,609600.0,1433600.0,345600.0,425600.0,648000.0,946400.0,1024800.0,Credit/Debit Card,14672000,11261600.0,3410400.0,0.767557251908397,30.6,Bahaya,1,Mahasiswa Boros / Defisit
787,24,Male,Junior,Psychology,15472000,4608000,2468800.0,4598400.0,1590400.0,513600.0,1638400.0,619200.0,476000.0,1238400.0,257600.0,252000.0,Mobile Payment App,20080000,13652800.0,6427200.0,0.6799203187250996,41.65,Bahaya,1,Mahasiswa Boros / Defisit
788,25,Male,Sophomore,Economics,18016000,11328000,2042667.0,1944000.0,1920800.0,763200.0,1446400.0,470400.0,134400.0,1418400.0,907200.0,896000.0,Mobile Payment App,29344000,11943467.0,17400533.0,0.40701564203925844,65.34,Stabil,0,Mahasiswa Mapan & Hemat
789,21,Female,Sophomore,Psychology,14160000,8208000,2931733.0,3993600.0,761600.0,316800.0,1542400.0,590400.0,369600.0,1843200.0,767200.0,296800.0,Credit/Debit Card,22368000,13413333.0,8954667.0,0.5996661748927039,47.39,Waspada,1,Mahasiswa Boros / Defisit
790,25,Non-binary,Sophomore,Psychology,8400000,15744000,2425067.0,3216000.0,2010400.0,710400.0,1228800.0,182400.0,313600.0,1166400.0,173600.0,481600.0,Credit/Debit Card,24144000,11908267.0,12235733.0,0.49321848078197483,65.23,Stabil,0,Mahasiswa Mapan & Hemat
791,20,Male,Senior,Psychology,16144000,224000,2298133.0,3355200.0,1467200.0,561600.0,870400.0,115200.0,375200.0,813600.0,520800.0,252000.0,Mobile Payment App,16368000,10629333.0,5738667.0,0.6493971774193549,45.42,Bahaya,1,Mahasiswa Boros / Defisit
792,18,Non-binary,Senior,Psychology,23648000,736000,2906667.0,4593600.0,2016000.0,369600.0,716800.0,105600.0,280000.0,1908000.0,1024800.0,515200.0,Mobile Payment App,24384000,14436267.0,9947733.0,0.5920385088582677,51.49,Waspada,1,Mahasiswa Boros / Defisit
793,19,Male,Sophomore,Computer Science,8752000,5840000,1848000.0,3096000.0,1769600.0,278400.0,1190400.0,576000.0,302400.0,1411200.0,756000.0,666400.0,Mobile Payment App,14592000,11894400.0,2697600.0,0.8151315789473684,27.17,Bahaya,1,Mahasiswa Boros / Defisit
794,22,Female,Freshman,Psychology,8784000,6560000,2557867.0,3595200.0,1702400.0,801600.0,524800.0,681600.0,560000.0,1951200.0,946400.0,856800.0,Credit/Debit Card,15344000,14177867.0,1166133.0,0.9240007168925964,18.41,Bahaya,1,Mahasiswa Boros / Defisit
795,25,Female,Junior,Engineering,21216000,9776000,2907200.0,3523200.0,1148000.0,436800.0,467200.0,456000.0,397600.0,1562400.0,705600.0,784000.0,Mobile Payment App,30992000,12388000.0,18604000.0,0.39971605575632424,66.38,Stabil,0,Mahasiswa Mapan & Hemat
796,21,Male,Junior,Psychology,12176000,144000,2579200.0,2851200.0,2100000.0,254400.0,1638400.0,264000.0,229600.0,360000.0,705600.0,196000.0,Cash,12320000,11178400.0,1141600.0,0.9073376623376623,20.74,Bahaya,1,Mahasiswa Boros / Defisit
797,25,Non-binary,Senior,Computer Science,21504000,7904000,3138667.0,3883200.0,1304800.0,801600.0,1094400.0,398400.0,336000.0,676800.0,341600.0,862400.0,Cash,29408000,12837867.0,16570133.0,0.43654335554951035,66.53,Stabil,0,Mahasiswa Mapan & Hemat
798,22,Male,Junior,Biology,14320000,14160000,2927467.0,2188800.0,1920800.0,753600.0,1132800.0,590400.0,420000.0,554400.0,873600.0,778400.0,Credit/Debit Card,28480000,12140267.0,16339733.0,0.42627341994382023,64.97,Stabil,0,Mahasiswa Mapan & Hemat
799,23,Non-binary,Junior,Economics,16576000,12976000,2619200.0,2097600.0,2228800.0,643200.0,1913600.0,331200.0,308000.0,1123200.0,196000.0,688800.0,Mobile Payment App,29552000,12149600.0,17402400.0,0.4111261505143476,65.83,Stabil,0,Mahasiswa Mapan & Hemat
800,22,Non-binary,Senior,Computer Science,10624000,8608000,1604267.0,2001600.0,1321600.0,360000.0,870400.0,628800.0,336000.0,1749600.0,873600.0,649600.0,Credit/Debit Card,19232000,10395467.0,8836533.0,0.5405296900998336,54.51,Waspada,0,Mahasiswa Mapan & Hemat
801,22,Non-binary,Senior,Computer Science,22448000,12624000,3139200.0,4617600.0,912800.0,619200.0,953600.0,168000.0,515200.0,1807200.0,929600.0,638400.0,Cash,35072000,14300800.0,20771200.0,0.4077554744525547,66.59,Stabil,0,Mahasiswa Mapan & Hemat
802,23,Male,Senior,Engineering,17504000,5760000,2480533.0,2985600.0,1355200.0,432000.0,627200.0,494400.0,431200.0,993600.0,621600.0,1064000.0,Cash,23264000,11485333.0,11778667.0,0.49369553817056394,62.72,Stabil,0,Mahasiswa Mapan & Hemat
803,24,Female,Sophomore,Computer Science,12624000,6608000,1857067.0,4008000.0,1153600.0,614400.0,979200.0,657600.0,431200.0,828000.0,375200.0,756000.0,Mobile Payment App,19232000,11660267.0,7571733.0,0.6062950811148087,50.09,Waspada,1,Mahasiswa Boros / Defisit
804,25,Non-binary,Sophomore,Biology,9392000,12096000,2685333.0,3825600.0,1629600.0,820800.0,1811200.0,427200.0,145600.0,1713600.0,414400.0,666400.0,Cash,21488000,14139733.0,7348267.0,0.6580292721518988,42.59,Bahaya,1,Mahasiswa Boros / Defisit
805,23,Male,Junior,Biology,8144000,6320000,1988800.0,2913600.0,1825600.0,748800.0,1606400.0,662400.0,252000.0,1468800.0,168000.0,330400.0,Mobile Payment App,14464000,11964800.0,2499200.0,0.827212389380531,26.94,Bahaya,1,Mahasiswa Boros / Defisit
806,19,Male,Junior,Computer Science,22112000,14960000,2480000.0,4094400.0,1136800.0,864000.0,1472000.0,158400.0,308000.0,2138400.0,240800.0,683200.0,Credit/Debit Card,37072000,13576000.0,23496000.0,0.36620630125161846,68.82,Sangat Sehat,0,Mahasiswa Mapan & Hemat
807,25,Non-binary,Senior,Engineering,20816000,12112000,2032533.0,3187200.0,677600.0,552000.0,1529600.0,604800.0,268800.0,871200.0,963200.0,638400.0,Mobile Payment App,32928000,11325333.0,21602667.0,0.34394232871720115,67.94,Sangat Sehat,0,Mahasiswa Mapan & Hemat
808,23,Non-binary,Senior,Engineering,12432000,848000,2632000.0,2424000.0,1500800.0,868800.0,1241600.0,379200.0,336000.0,511200.0,302400.0,364000.0,Mobile Payment App,13280000,10560000.0,2720000.0,0.7951807228915663,29.54,Bahaya,1,Mahasiswa Boros / Defisit
809,19,Male,Sophomore,Psychology,8080000,10336000,2632000.0,3302400.0,722400.0,686400.0,716800.0,624000.0,498400.0,1504800.0,1103200.0,453600.0,Cash,18416000,12244000.0,6172000.0,0.6648566463944396,40.07,Bahaya,1,Mahasiswa Boros / Defisit
810,24,Female,Junior,Engineering,13856000,12736000,2594667.0,3628800.0,1534400.0,868800.0,1664000.0,676800.0,263200.0,1706400.0,700000.0,375200.0,Cash,26592000,14012267.0,12579733.0,0.5269354317087847,58.77,Waspada,0,Mahasiswa Mapan & Hemat
811,19,Male,Freshman,Biology,21264000,2032000,1771200.0,4012800.0,1551200.0,441600.0,691200.0,129600.0,375200.0,1807200.0,487200.0,487200.0,Mobile Payment App,23296000,11754400.0,11541600.0,0.5045673076923077,64.6,Stabil,0,Mahasiswa Mapan & Hemat
812,20,Non-binary,Freshman,Economics,21952000,4752000,2254400.0,2424000.0,795200.0,691200.0,1689600.0,96000.0,358400.0,1404000.0,190400.0,414400.0,Cash,26704000,10317600.0,16386400.0,0.38636908328340325,65.92,Stabil,0,Mahasiswa Mapan & Hemat
813,24,Male,Junior,Economics,16064000,14128000,2711467.0,3710400.0,1876000.0,566400.0,1900800.0,398400.0,492800.0,720000.0,744800.0,890400.0,Credit/Debit Card,30192000,14011467.0,16180533.0,0.4640787957074722,64.61,Stabil,0,Mahasiswa Mapan & Hemat
814,23,Non-binary,Freshman,Biology,22640000,2448000,2413867.0,4224000.0,621600.0,801600.0,1094400.0,432000.0,436800.0,1476000.0,632800.0,700000.0,Cash,25088000,12833067.0,12254933.0,0.5115221221301021,61.39,Waspada,0,Mahasiswa Mapan & Hemat
815,20,Female,Junior,Psychology,10224000,208000,2185067.0,3744000.0,1265600.0,576000.0,550400.0,268800.0,128800.0,540000.0,823200.0,800800.0,Mobile Payment App,10432000,10882667.0,-450667.0,1.0432004409509203,15.4,Bahaya,1,Mahasiswa Boros / Defisit
816,19,Male,Sophomore,Economics,22352000,13664000,1699200.0,2649600.0,1444800.0,590400.0,812800.0,292800.0,117600.0,914400.0,397600.0,1041600.0,Credit/Debit Card,36016000,9960800.0,26055200.0,0.2765659706796979,73.05,Sangat Sehat,0,Mahasiswa Mapan & Hemat
817,18,Female,Freshman,Economics,14960000,14688000,2080533.0,3475200.0,716800.0,585600.0,358400.0,187200.0,296800.0,1094400.0,604800.0,750400.0,Mobile Payment App,29648000,10150133.0,19497867.0,0.3423547288181328,70.43,Sangat Sehat,0,Mahasiswa Mapan & Hemat
818,18,Non-binary,Senior,Computer Science,14112000,8384000,2657600.0,2409600.0,1097600.0,734400.0,403200.0,628800.0,448000.0,1972800.0,784000.0,481600.0,Credit/Debit Card,22496000,11617600.0,10878400.0,0.516429587482219,58.39,Waspada,0,Mahasiswa Mapan & Hemat
819,20,Female,Freshman,Psychology,22368000,14592000,2511467.0,4147200.0,1495200.0,868800.0,1056000.0,715200.0,347200.0,460800.0,515200.0,1086400.0,Mobile Payment App,36960000,13203467.0,23756533.0,0.35723666125541126,70.5,Sangat Sehat,0,Mahasiswa Mapan & Hemat
820,24,Non-binary,Sophomore,Biology,23376000,6448000,1954133.0,2491200.0,767200.0,609600.0,1830400.0,552000.0,162400.0,604800.0,677600.0,711200.0,Cash,29824000,10360533.0,19463467.0,0.34738911614806867,67.3,Sangat Sehat,0,Mahasiswa Mapan & Hemat
821,24,Male,Senior,Engineering,22880000,14848000,2649600.0,3273600.0,1881600.0,427200.0,864000.0,364800.0,369600.0,2080800.0,459200.0,532000.0,Mobile Payment App,37728000,12902400.0,24825600.0,0.3419847328244275,69.3,Sangat Sehat,0,Mahasiswa Mapan & Hemat
822,22,Non-binary,Junior,Biology,15248000,14800000,2738667.0,4435200.0,828800.0,268800.0,390400.0,158400.0,392000.0,1123200.0,705600.0,184800.0,Credit/Debit Card,30048000,11225867.0,18822133.0,0.37359781017039406,69.84,Sangat Sehat,0,Mahasiswa Mapan & Hemat
823,19,Male,Junior,Psychology,23296000,12848000,1829867.0,3052800.0,761600.0,849600.0,838400.0,537600.0,156800.0,1792800.0,649600.0,716800.0,Mobile Payment App,36144000,11185867.0,24958133.0,0.30948060535635236,70.13,Sangat Sehat,0,Mahasiswa Mapan & Hemat
824,22,Female,Junior,Computer Science,14272000,9008000,2948800.0,2097600.0,1288000.0,408000.0,364800.0,235200.0,151200.0,1087200.0,246400.0,1114400.0,Credit/Debit Card,23280000,9941600.0,13338400.0,0.4270446735395189,64.37,Stabil,0,Mahasiswa Mapan & Hemat
825,20,Non-binary,Sophomore,Psychology,8624000,7904000,2319467.0,2160000.0,2228800.0,513600.0,1376000.0,244800.0,291200.0,640800.0,1069600.0,884800.0,Mobile Payment App,16528000,11729067.0,4798933.0,0.709648293804453,36.43,Bahaya,1,Mahasiswa Boros / Defisit
826,25,Non-binary,Junior,Economics,16384000,12096000,2417067.0,3830400.0,1836800.0,537600.0,1017600.0,331200.0,134400.0,1980000.0,173600.0,487200.0,Cash,28480000,12745867.0,15734133.0,0.44753746488764046,66.7,Sangat Sehat,0,Mahasiswa Mapan & Hemat
827,22,Female,Senior,Biology,22480000,8704000,2813867.0,3753600.0,1573600.0,249600.0,428800.0,331200.0,431200.0,1944000.0,789600.0,1097600.0,Mobile Payment App,31184000,13413067.0,17770933.0,0.4301265713186249,65.27,Stabil,0,Mahasiswa Mapan & Hemat
828,21,Male,Sophomore,Biology,11056000,11360000,1939200.0,2294400.0,1915200.0,278400.0,870400.0,312000.0,420000.0,1994400.0,952000.0,761600.0,Credit/Debit Card,22416000,11737600.0,10678400.0,0.5236259814418273,57.82,Waspada,0,Mahasiswa Mapan & Hemat
829,19,Female,Junior,Biology,18512000,5328000,1871467.0,4737600.0,1573600.0,369600.0,1088000.0,129600.0,487200.0,1087200.0,604800.0,380800.0,Mobile Payment App,23840000,12329867.0,11510133.0,0.5171924077181208,63.57,Stabil,0,Mahasiswa Mapan & Hemat
830,21,Non-binary,Junior,Computer Science,8880000,15680000,3017067.0,3393600.0,1691200.0,936000.0,1324800.0,676800.0,509600.0,907200.0,1008000.0,375200.0,Credit/Debit Card,24560000,13839467.0,10720533.0,0.5634962133550488,53.75,Waspada,0,Mahasiswa Mapan & Hemat
831,25,Non-binary,Senior,Biology,19920000,12848000,2529600.0,4315200.0,1596000.0,475200.0,1235200.0,508800.0,425600.0,1944000.0,1120000.0,324800.0,Credit/Debit Card,32768000,14474400.0,18293600.0,0.4417236328125,65.57,Stabil,0,Mahasiswa Mapan & Hemat
832,25,Male,Senior,Biology,19632000,6528000,2990400.0,3643200.0,2044000.0,657600.0,1580800.0,465600.0,313600.0,1166400.0,761600.0,968800.0,Credit/Debit Card,26160000,14592000.0,11568000.0,0.5577981651376147,54.52,Waspada,0,Mahasiswa Mapan & Hemat
833,18,Female,Freshman,Biology,13200000,6448000,2775467.0,1924800.0,1640800.0,360000.0,1715200.0,115200.0,201600.0,756000.0,1103200.0,700000.0,Mobile Payment App,19648000,11292267.0,8355733.0,0.5747285728827362,49.64,Waspada,1,Mahasiswa Boros / Defisit
834,18,Female,Freshman,Economics,21744000,7488000,2080000.0,1924800.0,1584800.0,912000.0,1171200.0,288000.0,436800.0,1101600.0,358400.0,1092000.0,Credit/Debit Card,29232000,10949600.0,18282400.0,0.374575807334428,67.13,Sangat Sehat,0,Mahasiswa Mapan & Hemat
835,22,Male,Junior,Economics,8896000,5072000,2362133.0,4003200.0,929600.0,624000.0,1113600.0,412800.0,257600.0,1598400.0,184800.0,812000.0,Mobile Payment App,13968000,12298133.0,1669867.0,0.8804505297823597,22.41,Bahaya,1,Mahasiswa Boros / Defisit
836,20,Non-binary,Sophomore,Biology,17760000,6400000,2840000.0,2812800.0,2240000.0,297600.0,768000.0,259200.0,168000.0,2116800.0,700000.0,935200.0,Mobile Payment App,24160000,13137600.0,11022400.0,0.5437748344370861,55.64,Waspada,0,Mahasiswa Mapan & Hemat
837,21,Non-binary,Sophomore,Engineering,8288000,9040000,2634667.0,3758400.0,879200.0,465600.0,825600.0,585600.0,112000.0,511200.0,980000.0,644000.0,Mobile Payment App,17328000,11396267.0,5931733.0,0.6576793051708217,42.74,Bahaya,1,Mahasiswa Boros / Defisit
838,19,Male,Senior,Engineering,14912000,9776000,2339200.0,3998400.0,890400.0,403200.0,1177600.0,302400.0,448000.0,1605600.0,408800.0,1002400.0,Mobile Payment App,24688000,12576000.0,12112000.0,0.509397278029812,61.14,Waspada,0,Mahasiswa Mapan & Hemat
839,22,Female,Senior,Computer Science,10928000,10416000,3024533.0,4156800.0,565600.0,744000.0,1753600.0,628800.0,453600.0,1317600.0,274400.0,117600.0,Mobile Payment App,21344000,13036533.0,8307467.0,0.6107820933283359,47.27,Waspada,1,Mahasiswa Boros / Defisit
840,24,Male,Sophomore,Economics,22352000,6000000,2840000.0,3057600.0,778400.0,398400.0,1388800.0,264000.0,268800.0,2109600.0,1092000.0,397600.0,Cash,28352000,12595200.0,15756800.0,0.44424379232505645,62.32,Stabil,0,Mahasiswa Mapan & Hemat
841,24,Non-binary,Freshman,Biology,19216000,7056000,2246400.0,4147200.0,784000.0,398400.0,620800.0,408000.0,498400.0,648000.0,644000.0,789600.0,Credit/Debit Card,26272000,11184800.0,15087200.0,0.4257308160779537,67.27,Sangat Sehat,0,Mahasiswa Mapan & Hemat
842,22,Non-binary,Junior,Psychology,22432000,8304000,1666133.0,4252800.0,2133600.0,926400.0,768000.0,307200.0,380800.0,1101600.0,845600.0,660800.0,Mobile Payment App,30736000,13042933.0,17693067.0,0.4243536244143675,69.85,Sangat Sehat,0,Mahasiswa Mapan & Hemat
843,25,Male,Senior,Economics,13504000,288000,2907733.0,4368000.0,1232000.0,340800.0,697600.0,360000.0,509600.0,1756800.0,588000.0,688800.0,Credit/Debit Card,13792000,13449333.0,342667.0,0.9751546548723898,15.01,Bahaya,1,Mahasiswa Boros / Defisit
844,19,Female,Senior,Biology,21856000,2272000,3160000.0,2947200.0,1702400.0,782400.0,1536000.0,609600.0,464800.0,777600.0,912800.0,851200.0,Credit/Debit Card,24128000,13744000.0,10384000.0,0.5696286472148541,51.74,Waspada,1,Mahasiswa Boros / Defisit
845,19,Male,Senior,Biology,14768000,11744000,2440533.0,2491200.0,2144800.0,528000.0,1632000.0,172800.0,173600.0,1620000.0,705600.0,688800.0,Credit/Debit Card,26512000,12597333.0,13914667.0,0.47515589167169586,63.29,Stabil,0,Mahasiswa Mapan & Hemat
846,21,Non-binary,Freshman,Biology,8672000,14480000,1831467.0,4737600.0,1663200.0,768000.0,1209600.0,720000.0,145600.0,2059200.0,1036000.0,481600.0,Cash,23152000,14652267.0,8499733.0,0.6328726243953007,46.77,Waspada,1,Mahasiswa Boros / Defisit
847,23,Female,Junior,Biology,18080000,784000,2577600.0,1992000.0,560000.0,768000.0,1676800.0,470400.0,179200.0,712800.0,655200.0,834400.0,Credit/Debit Card,18864000,10426400.0,8437600.0,0.5527141645462256,51.72,Waspada,0,Mahasiswa Mapan & Hemat
848,23,Non-binary,Junior,Biology,13568000,6720000,2486933.0,4560000.0,968800.0,801600.0,646400.0,518400.0,162400.0,388800.0,890400.0,716800.0,Mobile Payment App,20288000,12140533.0,8147467.0,0.598409552444795,51.84,Waspada,1,Mahasiswa Boros / Defisit
849,19,Female,Junior,Engineering,16352000,3632000,2296000.0,4713600.0,1657600.0,350400.0,1612800.0,715200.0,442400.0,1483200.0,851200.0,907200.0,Cash,19984000,15029600.0,4954400.0,0.7520816653322658,33.22,Bahaya,1,Mahasiswa Boros / Defisit
850,23,Non-binary,Junior,Economics,19024000,15680000,2256000.0,2913600.0,1064000.0,249600.0,1600000.0,672000.0,352800.0,1368000.0,700000.0,1041600.0,Credit/Debit Card,34704000,12217600.0,22486400.0,0.35205163669893963,66.3,Stabil,0,Mahasiswa Mapan & Hemat
851,18,Female,Sophomore,Economics,12336000,720000,1983467.0,3940800.0,1058400.0,830400.0,1888000.0,288000.0,212800.0,1857600.0,599200.0,1047200.0,Mobile Payment App,13056000,13705867.0,-649867.0,1.0497753523284314,12.76,Bahaya,1,Mahasiswa Boros / Defisit
852,25,Non-binary,Sophomore,Computer Science,20480000,7728000,3062933.0,3254400.0,1153600.0,259200.0,524800.0,235200.0,476000.0,1843200.0,1047200.0,162400.0,Credit/Debit Card,28208000,12018933.0,16189067.0,0.42608242342597846,64.61,Stabil,0,Mahasiswa Mapan & Hemat
853,21,Male,Senior,Biology,14928000,15808000,2354133.0,3508800.0,1668800.0,590400.0,1747200.0,105600.0,112000.0,1058400.0,229600.0,716800.0,Cash,30736000,12091733.0,18644267.0,0.3934062011972931,68.57,Sangat Sehat,0,Mahasiswa Mapan & Hemat
854,24,Female,Sophomore,Computer Science,20112000,12720000,3153600.0,2304000.0,672000.0,513600.0,1920000.0,163200.0,257600.0,1576800.0,1080800.0,1092000.0,Mobile Payment App,32832000,12733600.0,20098400.0,0.3878411306042885,62.71,Stabil,0,Mahasiswa Mapan & Hemat
855,24,Female,Junior,Computer Science,21008000,13088000,1778667.0,4056000.0,2032800.0,912000.0,1356800.0,331200.0,207200.0,741600.0,1041600.0,442400.0,Cash,34096000,12900267.0,21195733.0,0.37835133153449085,71.15,Sangat Sehat,0,Mahasiswa Mapan & Hemat
856,21,Male,Senior,Engineering,16544000,14832000,2178133.0,3638400.0,1848000.0,859200.0,870400.0,715200.0,352800.0,1742400.0,1064000.0,201600.0,Mobile Payment App,31376000,13470133.0,17905867.0,0.42931326491585925,66.96,Sangat Sehat,0,Mahasiswa Mapan & Hemat
857,19,Male,Sophomore,Psychology,10704000,2448000,2938133.0,3556800.0,1876000.0,374400.0,1088000.0,331200.0,380800.0,2131200.0,408800.0,929600.0,Mobile Payment App,13152000,14014933.0,-862933.0,1.0656123023114354,12.43,Bahaya,1,Mahasiswa Boros / Defisit
858,19,Non-binary,Senior,Computer Science,11648000,13024000,1802667.0,4656000.0,1024800.0,854400.0,889600.0,139200.0,352800.0,1389600.0,358400.0,980000.0,Mobile Payment App,24672000,12447467.0,12224533.0,0.5045179555771725,65.03,Stabil,0,Mahasiswa Mapan & Hemat
859,18,Male,Sophomore,Economics,9104000,8208000,2895467.0,3504000.0,2100000.0,566400.0,1248000.0,460800.0,151200.0,2016000.0,364000.0,761600.0,Mobile Payment App,17312000,14067467.0,3244533.0,0.812584738909427,27.57,Bahaya,1,Mahasiswa Boros / Defisit
860,19,Male,Freshman,Engineering,15360000,2864000,2801600.0,3220800.0,901600.0,614400.0,1747200.0,192000.0,498400.0,1677600.0,912800.0,963200.0,Cash,18224000,13529600.0,4694400.0,0.7424056189640035,31.22,Bahaya,1,Mahasiswa Boros / Defisit
861,18,Male,Freshman,Computer Science,20608000,14064000,2042133.0,4713600.0,1069600.0,312000.0,550400.0,513600.0,448000.0,698400.0,767200.0,750400.0,Cash,34672000,11865333.0,22806667.0,0.3422165724503922,71.72,Sangat Sehat,0,Mahasiswa Mapan & Hemat
862,22,Female,Freshman,Engineering,8896000,14464000,1892267.0,3307200.0,588000.0,696000.0,1056000.0,638400.0,397600.0,792000.0,1024800.0,548800.0,Cash,23360000,10941067.0,12418933.0,0.4683675941780822,63.85,Stabil,0,Mahasiswa Mapan & Hemat
863,23,Male,Senior,Engineering,22608000,1280000,3187200.0,4012800.0,2161600.0,931200.0,1702400.0,139200.0,554400.0,1533600.0,610400.0,884800.0,Cash,23888000,15717600.0,8170400.0,0.6579705291359679,42.84,Bahaya,1,Mahasiswa Boros / Defisit
864,25,Non-binary,Senior,Biology,15312000,1824000,2643200.0,4430400.0,1825600.0,720000.0,1273600.0,235200.0,492800.0,1771200.0,660800.0,436800.0,Cash,17136000,14489600.0,2646400.0,0.8455648926237161,26.1,Bahaya,1,Mahasiswa Boros / Defisit
865,24,Non-binary,Freshman,Engineering,17344000,9312000,1762667.0,2496000.0,1976800.0,427200.0,1785600.0,96000.0,380800.0,1245600.0,845600.0,716800.0,Mobile Payment App,26656000,11733067.0,14922933.0,0.4401660789315726,64.92,Stabil,0,Mahasiswa Mapan & Hemat
866,22,Male,Freshman,Psychology,20320000,8736000,2360000.0,2683200.0,1702400.0,768000.0,505600.0,456000.0,554400.0,1375200.0,392000.0,1058400.0,Mobile Payment App,29056000,11855200.0,17200800.0,0.40801211453744496,66.72,Sangat Sehat,0,Mahasiswa Mapan & Hemat
867,24,Female,Sophomore,Computer Science,13520000,7744000,2983467.0,3806400.0,728000.0,244800.0,979200.0,369600.0,263200.0,640800.0,845600.0,352800.0,Mobile Payment App,21264000,11213867.0,10050133.0,0.5273639484574868,58.58,Waspada,0,Mahasiswa Mapan & Hemat
868,21,Female,Freshman,Economics,22768000,4768000,2391467.0,2107200.0,1747200.0,753600.0,755200.0,268800.0,240800.0,1692000.0,1052800.0,722400.0,Cash,27536000,11731467.0,15804533.0,0.4260410735037769,64.74,Stabil,0,Mahasiswa Mapan & Hemat
869,19,Male,Sophomore,Engineering,10928000,9824000,2516267.0,3086400.0,739200.0,892800.0,531200.0,148800.0,380800.0,612000.0,1013600.0,537600.0,Cash,20752000,10458667.0,10293333.0,0.503983567848882,62.9,Stabil,0,Mahasiswa Mapan & Hemat
870,21,Non-binary,Freshman,Psychology,20944000,8976000,3007467.0,4670400.0,1696800.0,945600.0,748800.0,177600.0,358400.0,727200.0,207200.0,795200.0,Mobile Payment App,29920000,13334667.0,16585333.0,0.44567737299465243,68.63,Sangat Sehat,0,Mahasiswa Mapan & Hemat
871,25,Male,Senior,Economics,14208000,3488000,2364267.0,3868800.0,929600.0,580800.0,480000.0,710400.0,386400.0,864000.0,716800.0,397600.0,Credit/Debit Card,17696000,11298667.0,6397333.0,0.6384870592224231,45.73,Waspada,1,Mahasiswa Boros / Defisit
872,24,Male,Sophomore,Psychology,23936000,8352000,2494933.0,3072000.0,1187200.0,672000.0,1280000.0,105600.0,386400.0,705600.0,907200.0,392000.0,Credit/Debit Card,32288000,11202933.0,21085067.0,0.346968935827552,69.33,Sangat Sehat,0,Mahasiswa Mapan & Hemat
873,25,Male,Junior,Economics,15440000,7440000,2452800.0,3537600.0,1629600.0,422400.0,448000.0,336000.0,190400.0,1224000.0,1092000.0,358400.0,Cash,22880000,11691200.0,11188800.0,0.5109790209790209,62.61,Stabil,0,Mahasiswa Mapan & Hemat
874,20,Female,Junior,Biology,21264000,8528000,1871467.0,3964800.0,1310400.0,628800.0,1676800.0,681600.0,168000.0,1130400.0,789600.0,224000.0,Cash,29792000,12445867.0,17346133.0,0.41775869360902257,67.52,Sangat Sehat,0,Mahasiswa Mapan & Hemat
875,21,Female,Sophomore,Engineering,16336000,12624000,3029867.0,4051200.0,1316000.0,475200.0,1068800.0,552000.0,296800.0,914400.0,733600.0,1064000.0,Mobile Payment App,28960000,13501867.0,15458133.0,0.46622468922651933,64.33,Stabil,0,Mahasiswa Mapan & Hemat
876,18,Male,Freshman,Biology,8016000,6752000,2803733.0,2937600.0,834400.0,681600.0,460800.0,278400.0,201600.0,1656000.0,408800.0,246400.0,Mobile Payment App,14768000,10509333.0,4258667.0,0.7116287242686891,36.4,Bahaya,1,Mahasiswa Boros / Defisit
877,21,Female,Sophomore,Engineering,19568000,4832000,2096000.0,3844800.0,716800.0,753600.0,1548800.0,648000.0,201600.0,1627200.0,1080800.0,291200.0,Mobile Payment App,24400000,12808800.0,11591200.0,0.5249508196721312,58.6,Waspada,0,Mahasiswa Mapan & Hemat
878,19,Male,Senior,Psychology,23920000,16000000,3123733.0,4704000.0,1276800.0,604800.0,524800.0,187200.0,403200.0,1036800.0,436800.0,1064000.0,Cash,39920000,13362133.0,26557867.0,0.3347227705410822,71.4,Sangat Sehat,0,Mahasiswa Mapan & Hemat
879,25,Male,Sophomore,Engineering,13792000,10784000,2918933.0,2760000.0,1892800.0,259200.0,1689600.0,187200.0,336000.0,1886400.0,1008000.0,1097600.0,Cash,24576000,14035733.0,10540267.0,0.5711154378255209,50.18,Waspada,1,Mahasiswa Boros / Defisit
880,25,Male,Senior,Economics,16592000,13504000,2304000.0,4291200.0,2200800.0,844800.0,1792000.0,350400.0,117600.0,1735200.0,246400.0,1097600.0,Credit/Debit Card,30096000,14980000.0,15116000.0,0.4977405635300372,64.78,Stabil,0,Mahasiswa Mapan & Hemat
881,19,Male,Freshman,Engineering,8080000,4688000,3125867.0,4008000.0,2167200.0,868800.0,1600000.0,446400.0,509600.0,813600.0,453600.0,957600.0,Cash,12768000,14950667.0,-2182667.0,1.1709482299498748,14.13,Bahaya,1,Mahasiswa Boros / Defisit
882,24,Female,Senior,Psychology,19088000,6352000,2258133.0,3652800.0,672000.0,360000.0,588800.0,499200.0,156800.0,1555200.0,565600.0,649600.0,Credit/Debit Card,25440000,10958133.0,14481867.0,0.4307442216981132,65.6,Stabil,0,Mahasiswa Mapan & Hemat
883,18,Non-binary,Sophomore,Psychology,23232000,10928000,1746667.0,2812800.0,1831200.0,312000.0,1126400.0,153600.0,224000.0,1476000.0,896000.0,324800.0,Credit/Debit Card,34160000,10903467.0,23256533.0,0.319188144028103,70.87,Sangat Sehat,0,Mahasiswa Mapan & Hemat
884,24,Non-binary,Sophomore,Psychology,22752000,13760000,2620267.0,4281600.0,834400.0,552000.0,1017600.0,638400.0,504000.0,1634400.0,515200.0,823200.0,Cash,36512000,13421067.0,23090933.0,0.3675796176599474,67.97,Sangat Sehat,0,Mahasiswa Mapan & Hemat
885,25,Male,Sophomore,Biology,11472000,3152000,2996267.0,3340800.0,1982400.0,504000.0,652800.0,124800.0,532000.0,2160000.0,616000.0,436800.0,Cash,14624000,13345867.0,1278133.0,0.9126003145514223,19.47,Bahaya,1,Mahasiswa Boros / Defisit
886,24,Female,Junior,Economics,21328000,8608000,2766400.0,2241600.0,1327200.0,878400.0,1228800.0,547200.0,442400.0,1785600.0,532000.0,229600.0,Credit/Debit Card,29936000,11979200.0,17956800.0,0.4001603420630679,65.13,Stabil,0,Mahasiswa Mapan & Hemat
887,24,Female,Sophomore,Psychology,15648000,15584000,2357333.0,3081600.0,1349600.0,700800.0,1171200.0,144000.0,425600.0,936000.0,442400.0,117600.0,Cash,31232000,10726133.0,20505867.0,0.34343407402663934,70.62,Sangat Sehat,0,Mahasiswa Mapan & Hemat
888,25,Male,Freshman,Biology,18256000,5792000,1705067.0,4444800.0,2223200.0,580800.0,960000.0,585600.0,386400.0,1857600.0,968800.0,672000.0,Mobile Payment App,24048000,14384267.0,9663733.0,0.5981481620093148,51.35,Waspada,1,Mahasiswa Boros / Defisit
889,22,Male,Sophomore,Biology,22384000,9776000,2664000.0,3254400.0,1232000.0,446400.0,537600.0,691200.0,274400.0,1440000.0,1058400.0,504000.0,Mobile Payment App,32160000,12102400.0,20057600.0,0.376318407960199,67.17,Sangat Sehat,0,Mahasiswa Mapan & Hemat
890,24,Male,Freshman,Psychology,19200000,5456000,2425067.0,3734400.0,1848000.0,244800.0,825600.0,115200.0,420000.0,1713600.0,1075200.0,856800.0,Cash,24656000,13258667.0,11397333.0,0.5377460658663206,57.46,Waspada,0,Mahasiswa Mapan & Hemat
891,21,Non-binary,Sophomore,Economics,16848000,1024000,2296000.0,2131200.0,795200.0,667200.0,1792000.0,163200.0,313600.0,1267200.0,212800.0,823200.0,Mobile Payment App,17872000,10461600.0,7410400.0,0.5853625783348254,48.14,Waspada,1,Mahasiswa Boros / Defisit
892,25,Non-binary,Junior,Biology,17888000,9344000,2358933.0,2841600.0,705600.0,715200.0,857600.0,355200.0,268800.0,784800.0,638400.0,733600.0,Cash,27232000,10259733.0,16972267.0,0.3767528275558167,67.39,Sangat Sehat,0,Mahasiswa Mapan & Hemat
893,21,Male,Junior,Biology,17504000,5136000,2004267.0,3556800.0,767200.0,825600.0,320000.0,705600.0,537600.0,964800.0,1075200.0,313600.0,Mobile Payment App,22640000,11070667.0,11569333.0,0.48898705830388695,64.4,Stabil,0,Mahasiswa Mapan & Hemat
894,21,Non-binary,Freshman,Psychology,20032000,3616000,2243200.0,2544000.0,1372000.0,604800.0,441600.0,705600.0,291200.0,460800.0,1024800.0,134400.0,Credit/Debit Card,23648000,9822400.0,13825600.0,0.41535859269282815,67.19,Sangat Sehat,0,Mahasiswa Mapan & Hemat
895,18,Male,Junior,Psychology,10976000,4032000,3118933.0,3456000.0,1332800.0,916800.0,1696000.0,187200.0,324800.0,748800.0,795200.0,459200.0,Mobile Payment App,15008000,13035733.0,1972267.0,0.8685856210021322,22.93,Bahaya,1,Mahasiswa Boros / Defisit
896,18,Male,Junior,Economics,8208000,1968000,3151467.0,3873600.0,940800.0,772800.0,1158400.0,230400.0,145600.0,892800.0,257600.0,324800.0,Cash,10176000,11748267.0,-1572267.0,1.1545073702830189,14.27,Bahaya,1,Mahasiswa Boros / Defisit
897,25,Male,Junior,Biology,18784000,1200000,2618133.0,3835200.0,834400.0,782400.0,966400.0,662400.0,168000.0,2145600.0,644000.0,240800.0,Cash,19984000,12897333.0,7086667.0,0.645382956365092,43.35,Bahaya,1,Mahasiswa Boros / Defisit
898,24,Non-binary,Freshman,Psychology,19584000,3760000,2477333.0,4382400.0,1170400.0,484800.0,492800.0,408000.0,543200.0,561600.0,448000.0,621600.0,Cash,23344000,11590133.0,11753867.0,0.49649301747772445,65.77,Stabil,0,Mahasiswa Mapan & Hemat
899,23,Non-binary,Junior,Biology,15600000,3376000,2107733.0,3691200.0,733600.0,643200.0,1811200.0,312000.0,509600.0,914400.0,845600.0,442400.0,Credit/Debit Card,18976000,12010933.0,6965067.0,0.6329538891231029,44.74,Bahaya,1,Mahasiswa Boros / Defisit
900,18,Male,Sophomore,Engineering,22960000,15200000,1933867.0,4041600.0,1237600.0,667200.0,556800.0,652800.0,380800.0,388800.0,722400.0,302400.0,Mobile Payment App,38160000,10884267.0,27275733.0,0.28522712264150946,74.98,Sangat Sehat,0,Mahasiswa Mapan & Hemat
901,22,Male,Senior,Engineering,14304000,432000,2397867.0,3446400.0,2088800.0,691200.0,1625600.0,667200.0,459200.0,2059200.0,750400.0,1108800.0,Credit/Debit Card,14736000,15294667.0,-558667.0,1.0379117128121607,12.21,Bahaya,1,Mahasiswa Boros / Defisit
902,21,Non-binary,Junior,Economics,18688000,1296000,2822400.0,3057600.0,980000.0,940800.0,1235200.0,249600.0,504000.0,1562400.0,268800.0,996800.0,Cash,19984000,12617600.0,7366400.0,0.6313851080864692,44.1,Bahaya,1,Mahasiswa Boros / Defisit
903,25,Male,Freshman,Computer Science,23712000,1472000,2126400.0,2592000.0,1086400.0,600000.0,1235200.0,686400.0,436800.0,1929600.0,352800.0,1114400.0,Credit/Debit Card,25184000,12160000.0,13024000.0,0.48284625158831,61.24,Waspada,0,Mahasiswa Mapan & Hemat
904,19,Non-binary,Sophomore,Psychology,22160000,3984000,3064000.0,2169600.0,2234400.0,816000.0,454400.0,696000.0,207200.0,1663200.0,638400.0,862400.0,Mobile Payment App,26144000,12805600.0,13338400.0,0.48981028151774786,62.64,Stabil,0,Mahasiswa Mapan & Hemat
905,20,Male,Sophomore,Computer Science,23616000,13312000,3064000.0,3878400.0,1260000.0,350400.0,1606400.0,105600.0,532000.0,885600.0,436800.0,996800.0,Mobile Payment App,36928000,13116000.0,23812000.0,0.35517764298093585,68.35,Sangat Sehat,0,Mahasiswa Mapan & Hemat
906,22,Female,Senior,Economics,12992000,1616000,2581333.0,3729600.0,1092000.0,417600.0,326400.0,340800.0,268800.0,1166400.0,1052800.0,324800.0,Mobile Payment App,14608000,11300533.0,3307467.0,0.7735852272727273,31.75,Bahaya,1,Mahasiswa Boros / Defisit
907,18,Male,Freshman,Psychology,19056000,9776000,1798933.0,3230400.0,1831200.0,297600.0,1049600.0,638400.0,145600.0,1648800.0,599200.0,851200.0,Cash,28832000,12090933.0,16741067.0,0.41935810904550497,66.52,Stabil,0,Mahasiswa Mapan & Hemat
908,20,Male,Senior,Economics,23040000,16000000,2038933.0,2520000.0,756000.0,681600.0,838400.0,163200.0,151200.0,648000.0,1120000.0,683200.0,Cash,39040000,9600533.0,29439467.0,0.24591529200819673,72.53,Sangat Sehat,0,Mahasiswa Mapan & Hemat
909,24,Female,Sophomore,Biology,23152000,3936000,2153600.0,1948800.0,1316000.0,542400.0,627200.0,542400.0,280000.0,511200.0,207200.0,184800.0,Credit/Debit Card,27088000,8313600.0,18774400.0,0.3069108092144123,71.46,Sangat Sehat,0,Mahasiswa Mapan & Hemat
910,21,Female,Freshman,Computer Science,16480000,5712000,2604267.0,3868800.0,560000.0,475200.0,556800.0,220800.0,212800.0,1116000.0,946400.0,509600.0,Mobile Payment App,22192000,11070667.0,11121333.0,0.4988584625090123,63.33,Stabil,0,Mahasiswa Mapan & Hemat
911,23,Female,Senior,Engineering,16544000,3232000,2851733.0,2678400.0,2133600.0,556800.0,1734400.0,321600.0,246400.0,1641600.0,694400.0,1030400.0,Credit/Debit Card,19776000,13889333.0,5886667.0,0.7023327771035599,36.22,Bahaya,1,Mahasiswa Boros / Defisit
912,20,Female,Junior,Economics,22496000,160000,1959467.0,4641600.0,1696800.0,451200.0,1830400.0,292800.0,341600.0,871200.0,1013600.0,347200.0,Mobile Payment App,22656000,13445867.0,9210133.0,0.5934792990819209,51.96,Waspada,1,Mahasiswa Boros / Defisit
913,21,Non-binary,Senior,Biology,17376000,608000,1826667.0,2904000.0,2133600.0,254400.0,1094400.0,619200.0,134400.0,1188000.0,761600.0,375200.0,Credit/Debit Card,17984000,11291467.0,6692533.0,0.6278618216192171,46.73,Waspada,1,Mahasiswa Boros / Defisit
914,25,Female,Sophomore,Psychology,21344000,5120000,2545067.0,3811200.0,1142400.0,619200.0,1024000.0,667200.0,207200.0,1641600.0,593600.0,375200.0,Mobile Payment App,26464000,12626667.0,13837333.0,0.4771261714026602,64.16,Stabil,0,Mahasiswa Mapan & Hemat
915,25,Female,Senior,Engineering,8112000,7584000,2664533.0,3600000.0,1013600.0,513600.0,998400.0,379200.0,151200.0,878400.0,218400.0,487200.0,Cash,15696000,10904533.0,4791467.0,0.694733244138634,39.5,Bahaya,1,Mahasiswa Boros / Defisit
916,21,Male,Senior,Engineering,23728000,14272000,2140800.0,2198400.0,2240000.0,432000.0,1388800.0,643200.0,280000.0,1022400.0,336000.0,235200.0,Mobile Payment App,38000000,10916800.0,27083200.0,0.2872842105263158,71.89,Sangat Sehat,0,Mahasiswa Mapan & Hemat
917,20,Non-binary,Sophomore,Economics,14208000,3648000,1734933.0,2587200.0,1159200.0,873600.0,1542400.0,340800.0,229600.0,1828800.0,700000.0,268800.0,Credit/Debit Card,17856000,11265333.0,6590667.0,0.6308990255376344,44.62,Bahaya,1,Mahasiswa Boros / Defisit
918,23,Non-binary,Freshman,Economics,19264000,13040000,2320000.0,4180800.0,929600.0,576000.0,1760000.0,417600.0,431200.0,1706400.0,476000.0,117600.0,Credit/Debit Card,32304000,12915200.0,19388800.0,0.39980188211986134,67.22,Sangat Sehat,0,Mahasiswa Mapan & Hemat
919,23,Male,Junior,Economics,16752000,3312000,3142400.0,3201600.0,901600.0,945600.0,1632000.0,254400.0,537600.0,1209600.0,588000.0,940800.0,Cash,20064000,13353600.0,6710400.0,0.6655502392344498,39.8,Bahaya,1,Mahasiswa Boros / Defisit
920,21,Male,Freshman,Psychology,20464000,14400000,2921600.0,3912000.0,1881600.0,652800.0,985600.0,696000.0,453600.0,1699200.0,604800.0,1041600.0,Credit/Debit Card,34864000,14848800.0,20015200.0,0.42590637907296924,65.99,Stabil,0,Mahasiswa Mapan & Hemat
921,19,Female,Sophomore,Economics,9808000,8688000,3171733.0,2985600.0,1730400.0,475200.0,966400.0,451200.0,201600.0,597600.0,1114400.0,789600.0,Mobile Payment App,18496000,12483733.0,6012267.0,0.6749423118512111,39.93,Bahaya,1,Mahasiswa Boros / Defisit
922,18,Male,Senior,Computer Science,20480000,8800000,2582933.0,2400000.0,627200.0,475200.0,761600.0,321600.0,392000.0,1015200.0,543200.0,610400.0,Credit/Debit Card,29280000,9729333.0,19550667.0,0.3322859631147541,67.51,Sangat Sehat,0,Mahasiswa Mapan & Hemat
923,25,Male,Sophomore,Economics,11136000,15616000,2797867.0,2280000.0,1444800.0,777600.0,556800.0,321600.0,380800.0,1670400.0,403200.0,739200.0,Mobile Payment App,26752000,11372267.0,15379733.0,0.42509969348086124,64.87,Stabil,0,Mahasiswa Mapan & Hemat
924,20,Female,Senior,Economics,19056000,5040000,2394667.0,2284800.0,1512000.0,729600.0,1081600.0,619200.0,560000.0,540000.0,1080800.0,879200.0,Credit/Debit Card,24096000,11681867.0,12414133.0,0.48480523738379816,62.23,Stabil,0,Mahasiswa Mapan & Hemat
925,24,Female,Freshman,Biology,20592000,3824000,1760533.0,2366400.0,1411200.0,470400.0,1574400.0,172800.0,392000.0,2030400.0,750400.0,638400.0,Mobile Payment App,24416000,11566933.0,12849067.0,0.47374397935779816,62.07,Waspada,0,Mahasiswa Mapan & Hemat
926,23,Female,Junior,Engineering,22256000,5792000,2272533.0,3345600.0,1506400.0,518400.0,672000.0,696000.0,240800.0,720000.0,218400.0,806400.0,Cash,28048000,10996533.0,17051467.0,0.39206121648602393,68.97,Sangat Sehat,0,Mahasiswa Mapan & Hemat
927,23,Non-binary,Sophomore,Economics,21520000,4656000,2564800.0,3292800.0,968800.0,633600.0,1465600.0,552000.0,224000.0,1490400.0,352800.0,319200.0,Credit/Debit Card,26176000,11864000.0,14312000.0,0.453239608801956,64.25,Stabil,0,Mahasiswa Mapan & Hemat
928,19,Non-binary,Junior,Computer Science,21504000,13200000,1656533.0,2702400.0,1864800.0,681600.0,825600.0,532800.0,263200.0,691200.0,526400.0,856800.0,Cash,34704000,10601333.0,24102667.0,0.30547870562471185,72.63,Sangat Sehat,0,Mahasiswa Mapan & Hemat
929,23,Non-binary,Junior,Economics,12464000,11328000,2030933.0,4204800.0,2189600.0,451200.0,1907200.0,163200.0,190400.0,1382400.0,487200.0,599200.0,Mobile Payment App,23792000,13606133.0,10185867.0,0.5718784885675857,54.68,Waspada,1,Mahasiswa Boros / Defisit
930,23,Female,Senior,Economics,17968000,7840000,2937067.0,4473600.0,2072000.0,676800.0,1491200.0,436800.0,341600.0,1857600.0,778400.0,1047200.0,Mobile Payment App,25808000,16112267.0,9695733.0,0.6243128874767514,46.53,Waspada,1,Mahasiswa Boros / Defisit
931,22,Male,Senior,Economics,16608000,10976000,2541867.0,4459200.0,2049600.0,638400.0,448000.0,446400.0,504000.0,532800.0,660800.0,593600.0,Credit/Debit Card,27584000,12874667.0,14709333.0,0.4667440182714617,67.98,Sangat Sehat,0,Mahasiswa Mapan & Hemat
932,22,Female,Senior,Computer Science,9520000,15920000,2117867.0,2745600.0,621600.0,379200.0,1862400.0,115200.0,397600.0,1756800.0,341600.0,1108800.0,Mobile Payment App,25440000,11446667.0,13993333.0,0.44994760220125785,61.82,Waspada,0,Mahasiswa Mapan & Hemat
933,25,Non-binary,Freshman,Engineering,21520000,4720000,2445333.0,2980800.0,1596000.0,484800.0,1728000.0,552000.0,308000.0,1519200.0,308000.0,599200.0,Cash,26240000,12521333.0,13718667.0,0.4771849466463415,63.04,Stabil,0,Mahasiswa Mapan & Hemat
934,19,Non-binary,Junior,Computer Science,8544000,8736000,2187733.0,2496000.0,2077600.0,940800.0,678400.0,360000.0,313600.0,1720800.0,252000.0,683200.0,Cash,17280000,11710133.0,5569867.0,0.6776697337962962,41.29,Bahaya,1,Mahasiswa Boros / Defisit
935,24,Non-binary,Senior,Computer Science,18816000,5216000,2608000.0,4017600.0,1372000.0,446400.0,857600.0,374400.0,453600.0,388800.0,599200.0,224000.0,Cash,24032000,11341600.0,12690400.0,0.47193741677762985,66.56,Stabil,0,Mahasiswa Mapan & Hemat
936,20,Non-binary,Sophomore,Biology,13376000,1680000,3097067.0,2011200.0,1360800.0,715200.0,569600.0,345600.0,291200.0,511200.0,414400.0,800800.0,Mobile Payment App,15056000,10117067.0,4938933.0,0.6719624734325186,39.89,Bahaya,1,Mahasiswa Boros / Defisit
937,18,Female,Freshman,Biology,16752000,240000,2315733.0,2976000.0,2010400.0,936000.0,1356800.0,302400.0,526400.0,1389600.0,789600.0,268800.0,Credit/Debit Card,16992000,12871733.0,4120267.0,0.7575172434086629,33.11,Bahaya,1,Mahasiswa Boros / Defisit
938,24,Female,Sophomore,Engineering,13840000,14512000,2767467.0,4492800.0,901600.0,552000.0,1817600.0,292800.0,560000.0,1684800.0,722400.0,912800.0,Mobile Payment App,28352000,14704267.0,13647733.0,0.5186324421557562,59.23,Waspada,0,Mahasiswa Mapan & Hemat
939,18,Non-binary,Junior,Psychology,18368000,9040000,1788267.0,2942400.0,1220800.0,763200.0,1734400.0,441600.0,375200.0,1692000.0,683200.0,1041600.0,Credit/Debit Card,27408000,12682667.0,14725333.0,0.4627359530064215,63.14,Stabil,0,Mahasiswa Mapan & Hemat
940,21,Female,Senior,Engineering,11136000,11440000,2793600.0,3408000.0,1092000.0,638400.0,627200.0,259200.0,369600.0,2116800.0,229600.0,1103200.0,Credit/Debit Card,22576000,12637600.0,9938400.0,0.5597802976612332,53.4,Waspada,1,Mahasiswa Boros / Defisit
941,19,Female,Freshman,Economics,12448000,11856000,3020800.0,2678400.0,2228800.0,820800.0,1171200.0,340800.0,291200.0,1065600.0,464800.0,772800.0,Credit/Debit Card,24304000,12855200.0,11448800.0,0.528933508887426,58.93,Waspada,0,Mahasiswa Mapan & Hemat
942,22,Non-binary,Senior,Psychology,18240000,9568000,2998933.0,3192000.0,1556800.0,878400.0,1510400.0,528000.0,123200.0,1713600.0,1086400.0,123200.0,Credit/Debit Card,27808000,13710933.0,14097067.0,0.4930571418296893,62.59,Stabil,0,Mahasiswa Mapan & Hemat
943,22,Female,Sophomore,Computer Science,8912000,5616000,1872000.0,4113600.0,627200.0,758400.0,1721600.0,192000.0,436800.0,1922400.0,173600.0,817600.0,Cash,14528000,12635200.0,1892800.0,0.8697136563876652,22.76,Bahaya,1,Mahasiswa Boros / Defisit
944,24,Male,Sophomore,Computer Science,15168000,11856000,3158933.0,4579200.0,1484000.0,868800.0,518400.0,283200.0,397600.0,1555200.0,879200.0,184800.0,Mobile Payment App,27024000,13909333.0,13114667.0,0.514702967732386,62.65,Stabil,0,Mahasiswa Mapan & Hemat
945,24,Female,Freshman,Engineering,19984000,9184000,2387733.0,3134400.0,621600.0,873600.0,716800.0,441600.0,470400.0,1735200.0,627200.0,1097600.0,Mobile Payment App,29168000,12106133.0,17061867.0,0.41504844349972575,64.87,Stabil,0,Mahasiswa Mapan & Hemat
946,24,Non-binary,Sophomore,Economics,17472000,15808000,2570133.0,3686400.0,1344000.0,758400.0,697600.0,532800.0,184800.0,1699200.0,767200.0,324800.0,Credit/Debit Card,33280000,12565333.0,20714667.0,0.37756409254807693,68.72,Sangat Sehat,0,Mahasiswa Mapan & Hemat
947,20,Female,Junior,Computer Science,11472000,15328000,3022400.0,2145600.0,1702400.0,931200.0,608000.0,340800.0,274400.0,1389600.0,526400.0,576800.0,Mobile Payment App,26800000,11517600.0,15282400.0,0.42976119402985075,65.26,Stabil,0,Mahasiswa Mapan & Hemat
948,19,Female,Sophomore,Computer Science,13712000,9840000,2053867.0,2337600.0,1428000.0,456000.0,1836800.0,148800.0,257600.0,2152800.0,520800.0,414400.0,Cash,23552000,11606667.0,11945333.0,0.4928102496603261,61.2,Waspada,0,Mahasiswa Mapan & Hemat
949,18,Non-binary,Senior,Biology,16336000,9296000,2501333.0,2409600.0,1243200.0,772800.0,627200.0,384000.0,408800.0,403200.0,1052800.0,476000.0,Credit/Debit Card,25632000,10278933.0,15353067.0,0.4010195458801498,66.88,Sangat Sehat,0,Mahasiswa Mapan & Hemat
950,22,Female,Sophomore,Psychology,16896000,10704000,2868267.0,2860800.0,1556800.0,859200.0,1427200.0,225600.0,487200.0,972000.0,308000.0,285600.0,Mobile Payment App,27600000,11850667.0,15749333.0,0.4293719927536232,66.18,Stabil,0,Mahasiswa Mapan & Hemat
951,25,Male,Freshman,Economics,12128000,6192000,2652800.0,2563200.0,565600.0,364800.0,396800.0,312000.0,151200.0,864000.0,896000.0,145600.0,Credit/Debit Card,18320000,8912000.0,9408000.0,0.48646288209606986,62.3,Stabil,0,Mahasiswa Mapan & Hemat
952,21,Non-binary,Freshman,Economics,10448000,10224000,2690667.0,2380800.0,1881600.0,403200.0,1510400.0,552000.0,190400.0,1584000.0,946400.0,700000.0,Cash,20672000,12839467.0,7832533.0,0.6211042472910216,44.36,Bahaya,1,Mahasiswa Boros / Defisit
953,21,Male,Sophomore,Computer Science,10288000,3488000,2206933.0,3806400.0,1517600.0,873600.0,332800.0,264000.0,554400.0,568800.0,252000.0,509600.0,Credit/Debit Card,13776000,10886133.0,2889867.0,0.7902245209059233,33.43,Bahaya,1,Mahasiswa Boros / Defisit
954,25,Male,Freshman,Engineering,10688000,14288000,1837867.0,3134400.0,1943200.0,422400.0,1766400.0,350400.0,532000.0,525600.0,851200.0,196000.0,Cash,24976000,11559467.0,13416533.0,0.4628229900704676,65.76,Stabil,0,Mahasiswa Mapan & Hemat
955,25,Female,Sophomore,Psychology,10320000,1264000,2042667.0,4512000.0,1394400.0,302400.0,441600.0,292800.0,224000.0,532800.0,425600.0,420000.0,Mobile Payment App,11584000,10588267.0,995733.0,0.9140423860497238,23.85,Bahaya,1,Mahasiswa Boros / Defisit
956,20,Female,Senior,Psychology,16320000,8352000,2066133.0,1958400.0,840000.0,777600.0,1075200.0,619200.0,548800.0,1836000.0,772800.0,974400.0,Credit/Debit Card,24672000,11468533.0,13203467.0,0.464840021076524,60.76,Waspada,0,Mahasiswa Mapan & Hemat
957,20,Non-binary,Junior,Computer Science,18048000,7328000,2827733.0,2889600.0,1512000.0,312000.0,1913600.0,686400.0,324800.0,1569600.0,772800.0,795200.0,Cash,25376000,13603733.0,11772267.0,0.5360865778688525,54.91,Waspada,0,Mahasiswa Mapan & Hemat
958,22,Male,Senior,Economics,18976000,10400000,2339733.0,3830400.0,778400.0,283200.0,1024000.0,523200.0,117600.0,1980000.0,666400.0,179200.0,Mobile Payment App,29376000,11722133.0,17653867.0,0.39903775190631807,66.56,Stabil,0,Mahasiswa Mapan & Hemat
959,23,Female,Senior,Psychology,8448000,9168000,2285867.0,4267200.0,1170400.0,652800.0,953600.0,504000.0,448000.0,1087200.0,257600.0,408800.0,Mobile Payment App,17616000,12035467.0,5580533.0,0.6832122502270663,41.76,Bahaya,1,Mahasiswa Boros / Defisit
960,25,Male,Senior,Computer Science,12384000,12784000,2345067.0,3019200.0,912800.0,360000.0,1171200.0,187200.0,184800.0,388800.0,761600.0,700000.0,Cash,25168000,10030667.0,15137333.0,0.3985484345200254,66.89,Sangat Sehat,0,Mahasiswa Mapan & Hemat
961,22,Male,Senior,Economics,19776000,4080000,2108800.0,2880000.0,1534400.0,552000.0,537600.0,264000.0,128800.0,2138400.0,173600.0,218400.0,Credit/Debit Card,23856000,10536000.0,13320000.0,0.4416498993963783,66.48,Stabil,0,Mahasiswa Mapan & Hemat
962,24,Non-binary,Sophomore,Biology,15008000,9792000,2025067.0,4454400.0,1064000.0,312000.0,505600.0,532800.0,252000.0,1411200.0,632800.0,957600.0,Mobile Payment App,24800000,12147467.0,12652533.0,0.4898172177419355,64.81,Stabil,0,Mahasiswa Mapan & Hemat
963,22,Non-binary,Senior,Computer Science,18704000,9408000,2192000.0,2438400.0,582400.0,763200.0,1548800.0,144000.0,436800.0,756000.0,912800.0,1092000.0,Mobile Payment App,28112000,10866400.0,17245600.0,0.3865395560614684,64.99,Stabil,0,Mahasiswa Mapan & Hemat
964,25,Male,Freshman,Computer Science,16976000,5328000,3107200.0,4555200.0,1400000.0,662400.0,1011200.0,273600.0,112000.0,1908000.0,1080800.0,576800.0,Mobile Payment App,22304000,14687200.0,7616800.0,0.6585007173601147,42.74,Bahaya,1,Mahasiswa Boros / Defisit
965,24,Non-binary,Sophomore,Economics,8224000,2528000,1620800.0,2428800.0,2021600.0,403200.0,1011200.0,633600.0,274400.0,748800.0,890400.0,554400.0,Cash,10752000,10587200.0,164800.0,0.984672619047619,14.83,Bahaya,1,Mahasiswa Boros / Defisit
966,19,Male,Junior,Engineering,16240000,7888000,2898667.0,3969600.0,2066400.0,705600.0,774400.0,417600.0,274400.0,2080800.0,677600.0,414400.0,Mobile Payment App,24128000,14279467.0,9848533.0,0.5918214108090186,51.18,Waspada,1,Mahasiswa Boros / Defisit
967,18,Male,Junior,Computer Science,11888000,1664000,1862933.0,3484800.0,1248800.0,504000.0,614400.0,350400.0,207200.0,1980000.0,884800.0,420000.0,Mobile Payment App,13552000,11557333.0,1994667.0,0.8528138282172373,24.66,Bahaya,1,Mahasiswa Boros / Defisit
968,21,Male,Sophomore,Engineering,14608000,1120000,2230933.0,3427200.0,1500800.0,422400.0,1267200.0,417600.0,173600.0,496800.0,218400.0,991200.0,Cash,15728000,11146133.0,4581867.0,0.7086808875890133,38.39,Bahaya,1,Mahasiswa Boros / Defisit
969,24,Non-binary,Junior,Engineering,18272000,15136000,2532267.0,4161600.0,1478400.0,796800.0,800000.0,475200.0,386400.0,2066400.0,470400.0,756000.0,Credit/Debit Card,33408000,13923467.0,19484533.0,0.41677044420498083,67.2,Sangat Sehat,0,Mahasiswa Mapan & Hemat
970,25,Female,Senior,Psychology,13888000,10720000,1746133.0,2126400.0,1724800.0,576000.0,390400.0,336000.0,537600.0,619200.0,1114400.0,711200.0,Mobile Payment App,24608000,9882133.0,14725867.0,0.401582127763329,67.38,Sangat Sehat,0,Mahasiswa Mapan & Hemat
971,19,Non-binary,Sophomore,Engineering,23424000,272000,2100800.0,2352000.0,1999200.0,417600.0,838400.0,465600.0,375200.0,1209600.0,487200.0,756000.0,Credit/Debit Card,23696000,11001600.0,12694400.0,0.46428089128966915,64.43,Stabil,0,Mahasiswa Mapan & Hemat
972,21,Female,Senior,Psychology,20160000,9872000,2165333.0,3835200.0,1366400.0,297600.0,1235200.0,513600.0,347200.0,2052000.0,1008000.0,728000.0,Cash,30032000,13548533.0,16483467.0,0.45113655434203515,64.13,Stabil,0,Mahasiswa Mapan & Hemat
973,19,Male,Junior,Computer Science,21216000,13072000,2907200.0,2174400.0,963200.0,417600.0,396800.0,537600.0,392000.0,1584000.0,520800.0,179200.0,Cash,34288000,10072800.0,24215200.0,0.2937704153056463,68.84,Sangat Sehat,0,Mahasiswa Mapan & Hemat
974,18,Female,Senior,Computer Science,19504000,10736000,2214400.0,3360000.0,1876000.0,729600.0,1894400.0,470400.0,481600.0,554400.0,459200.0,151200.0,Cash,30240000,12191200.0,18048800.0,0.40314814814814814,68.55,Sangat Sehat,0,Mahasiswa Mapan & Hemat
975,19,Non-binary,Freshman,Computer Science,16608000,13168000,2779200.0,2764800.0,1159200.0,441600.0,1683200.0,259200.0,145600.0,1944000.0,688800.0,924000.0,Credit/Debit Card,29776000,12789600.0,16986400.0,0.42952713594841485,63.06,Stabil,0,Mahasiswa Mapan & Hemat
976,25,Male,Junior,Biology,22688000,8160000,2043733.0,4684800.0,2072000.0,561600.0,1395200.0,427200.0,498400.0,2037600.0,1036000.0,336000.0,Mobile Payment App,30848000,15092533.0,15755467.0,0.48925483013485477,64.98,Stabil,0,Mahasiswa Mapan & Hemat
977,18,Female,Junior,Engineering,22160000,208000,2338133.0,3254400.0,1416800.0,571200.0,486400.0,542400.0,280000.0,1648800.0,414400.0,946400.0,Mobile Payment App,22368000,11898933.0,10469067.0,0.5319623122317596,58.33,Waspada,0,Mahasiswa Mapan & Hemat
978,23,Female,Freshman,Computer Science,8848000,1888000,2682667.0,4608000.0,1702400.0,648000.0,1356800.0,504000.0,302400.0,1058400.0,660800.0,1024800.0,Mobile Payment App,10736000,14548267.0,-3812267.0,1.355091933681073,14.35,Bahaya,1,Mahasiswa Boros / Defisit
979,20,Male,Senior,Economics,16208000,3632000,2196800.0,3864000.0,2049600.0,297600.0,1222400.0,648000.0,336000.0,604800.0,845600.0,963200.0,Mobile Payment App,19840000,13028000.0,6812000.0,0.6566532258064516,43.72,Bahaya,1,Mahasiswa Boros / Defisit
980,18,Non-binary,Senior,Engineering,16304000,9424000,2857067.0,3974400.0,1383200.0,312000.0,716800.0,278400.0,515200.0,1224000.0,168000.0,705600.0,Mobile Payment App,25728000,12134667.0,13593333.0,0.4716521688432836,65.15,Stabil,0,Mahasiswa Mapan & Hemat
981,24,Non-binary,Junior,Computer Science,10704000,112000,2379200.0,3974400.0,1489600.0,283200.0,384000.0,619200.0,151200.0,943200.0,420000.0,924000.0,Credit/Debit Card,10816000,11568000.0,-752000.0,1.069526627218935,14.9,Bahaya,1,Mahasiswa Boros / Defisit
982,19,Female,Freshman,Computer Science,14928000,11168000,2216533.0,3744000.0,2077600.0,384000.0,1504000.0,403200.0,459200.0,1936800.0,280000.0,952000.0,Mobile Payment App,26096000,13957333.0,12138667.0,0.534845685162477,58.04,Waspada,0,Mahasiswa Mapan & Hemat
983,20,Female,Junior,Psychology,18656000,10736000,1730133.0,2534400.0,918400.0,561600.0,1523200.0,609600.0,313600.0,1749600.0,470400.0,604800.0,Cash,29392000,11015733.0,18376267.0,0.3747867787152967,65.94,Stabil,0,Mahasiswa Mapan & Hemat
984,25,Non-binary,Freshman,Economics,19152000,10432000,2359467.0,3057600.0,1388800.0,892800.0,1190400.0,393600.0,324800.0,1828800.0,649600.0,151200.0,Mobile Payment App,29584000,12237067.0,17346933.0,0.4136380137912385,66.54,Stabil,0,Mahasiswa Mapan & Hemat
985,19,Female,Senior,Biology,15568000,11120000,2511467.0,2664000.0,638400.0,446400.0,1216000.0,580800.0,392000.0,1368000.0,722400.0,996800.0,Cash,26688000,11536267.0,15151733.0,0.43226420113908876,62.46,Stabil,0,Mahasiswa Mapan & Hemat
986,23,Female,Junior,Computer Science,22096000,11136000,2339733.0,3100800.0,957600.0,681600.0,620800.0,523200.0,464800.0,1555200.0,492800.0,1064000.0,Cash,33232000,11800533.0,21431467.0,0.3550954802599904,67.85,Sangat Sehat,0,Mahasiswa Mapan & Hemat
987,22,Male,Junior,Psychology,17312000,3536000,2412800.0,2558400.0,1545600.0,628800.0,1548800.0,523200.0,117600.0,1562400.0,274400.0,1019200.0,Credit/Debit Card,20848000,12191200.0,8656800.0,0.5847659247889486,49.56,Waspada,1,Mahasiswa Boros / Defisit
988,23,Male,Senior,Engineering,18560000,2688000,1810667.0,3888000.0,588000.0,873600.0,326400.0,124800.0,358400.0,2008800.0,414400.0,588000.0,Cash,21248000,10981067.0,10266933.0,0.516804734563253,61.99,Waspada,0,Mahasiswa Mapan & Hemat
989,22,Female,Junior,Computer Science,16176000,12048000,1878933.0,2280000.0,2195200.0,897600.0,1907200.0,475200.0,408800.0,900000.0,520800.0,173600.0,Cash,28224000,11637333.0,16586667.0,0.4123204719387755,67.36,Sangat Sehat,0,Mahasiswa Mapan & Hemat
990,20,Non-binary,Senior,Psychology,22592000,2480000,2973867.0,2126400.0,1708000.0,571200.0,870400.0,576000.0,229600.0,2088000.0,168000.0,509600.0,Mobile Payment App,25072000,11821067.0,13250933.0,0.47148480376515634,62.32,Stabil,0,Mahasiswa Mapan & Hemat
991,24,Non-binary,Junior,Psychology,22256000,4144000,1905067.0,3624000.0,761600.0,264000.0,550400.0,297600.0,369600.0,1346400.0,856800.0,128800.0,Cash,26400000,10104267.0,16295733.0,0.38273738636363636,68.5,Sangat Sehat,0,Mahasiswa Mapan & Hemat
992,20,Male,Freshman,Economics,20688000,10752000,3005333.0,2088000.0,2178400.0,921600.0,556800.0,110400.0,358400.0,482400.0,431200.0,767200.0,Credit/Debit Card,31440000,10899733.0,20540267.0,0.3466836195928753,70.41,Sangat Sehat,0,Mahasiswa Mapan & Hemat
993,20,Male,Freshman,Psychology,22080000,9504000,1950933.0,3547200.0,1551200.0,897600.0,588800.0,691200.0,386400.0,2037600.0,380800.0,117600.0,Mobile Payment App,31584000,12149333.0,19434667.0,0.3846673315602837,69.42,Sangat Sehat,0,Mahasiswa Mapan & Hemat
994,22,Male,Senior,Psychology,12224000,4576000,2896000.0,2827200.0,2167200.0,292800.0,435200.0,220800.0,537600.0,619200.0,257600.0,476000.0,Mobile Payment App,16800000,10729600.0,6070400.0,0.6386666666666667,46.21,Waspada,1,Mahasiswa Boros / Defisit
995,22,Female,Senior,Biology,21536000,8320000,1966933.0,4651200.0,851200.0,931200.0,966400.0,201600.0,212800.0,1814400.0,364000.0,912800.0,Cash,29856000,12872533.0,16983467.0,0.43115397240085745,67.75,Sangat Sehat,0,Mahasiswa Mapan & Hemat
996,19,Female,Senior,Biology,22512000,8960000,1802667.0,2438400.0,1484000.0,249600.0,1318400.0,192000.0,548800.0,1972800.0,470400.0,756000.0,Mobile Payment App,31472000,11233067.0,20238933.0,0.3569225660904931,66.87,Sangat Sehat,0,Mahasiswa Mapan & Hemat
997,20,Male,Junior,Economics,15312000,6288000,1865067.0,3470400.0,1898400.0,667200.0,441600.0,537600.0,257600.0,2044800.0,319200.0,156800.0,Mobile Payment App,21600000,11658667.0,9941333.0,0.5397531018518519,59.52,Waspada,0,Mahasiswa Mapan & Hemat
998,22,Non-binary,Senior,Economics,18784000,9792000,1946133.0,2606400.0,1327200.0,590400.0,1280000.0,619200.0,504000.0,1368000.0,565600.0,364000.0,Mobile Payment App,28576000,11170933.0,17405067.0,0.39092010778275477,66.51,Stabil,0,Mahasiswa Mapan & Hemat
999,24,Non-binary,Sophomore,Computer Science,8656000,10240000,3181333.0,2923200.0,1512000.0,916800.0,1376000.0,667200.0,240800.0,2023200.0,492800.0,812000.0,Cash,18896000,14145333.0,4750667.0,0.7485887489415749,31.48,Bahaya,1,Mahasiswa Boros / Defisit
